,Site,Date,Session,Time,Sex,Bead,Grid,Height,Diam,ID,DateCaught,SourceIsland,OrigPerchHeight,XrayScan,Mass,Alpha,SVL
1,SL13C,30-Jun,first,8:43,F,DbDbLb,52,152,2,SL13CDbDbLb,29-May,IR11,0,57,2.2,G62,44.879
2,SL13C,30-Jun,first,8:53,M,LgLgLg,52,238,3,SL13CLgLgLg,29-May,IR11,261,61,3.2,G68,53.042
3,SL13C,30-Jun,first,8:57,M,PiPP,50,298,3,SL13CPiPP,30-May,IR11,57,93,2.5,G83,49.494
4,SL13C,30-Jun,first,9:08,M,PDbP,32,352,5,SL13CPDbP,2-Jun,SL12,391,104,3.3,H06,52.617
5,SL13C,30-Jun,first,9:12,M,DbPDb,20,25,4,SL13CDbPDb,2-Jun,SL12,385,102,3.6,H08,54.604
6,SL13C,30-Jun,first,9:36,F,YYY,46,262,3,SL13CYYY,17-Jun,SL12,115,NA,2.7,I23,NA
7,SL13C,30-Jun,first,9:52,M,DbLbDb,64,270,5,SL13CDbLbDb,29-May,IR11,185,69,2.8,G73,51.754
8,SL1B,30-Jun,first,10:30,M,DbDbP,29,124,14,SL1BDbDbP,25-May,SL3,145,48,2.3,G46,49.84
9,SL1B,30-Jun,first,10:31,M,YLbY,25,30,2,SL1BYLbY,31-May,SL12,213,98,3.1,H03,52.678
10,SL1B,30-Jun,first,10:37,M,DbDbLb,30,112,1,SL1BDbDbLb,24-May,SL3,172,41,3.4,G53,55.065
11,SL1B,30-Jun,first,11:00,M,PRP,46,218,5,SL1BPRP,24-May,SL3,150,34,2.8,G36,51.015
12,SL1B,30-Jun,first,11:12,F,LbDbLb,31,158,2,SL1BLbDbLb,24-May,SL3,139,37,1.8,G50,42.286
13,SL1B,30-Jun,first,11:43,M,DbLbLb,62,318,2,SL1BDbLbLb,24-May,SL3,NA,46,3,G41,52.039
14,SL1B,30-Jun,first,11:59,M,RDbR,19,119,2,SL1BRDbR,30-May,IR11,32,85,2.2,G77,49.916
15,SL1B,30-Jun,first,12:10,M,RYR,36,416,9,SL1BRYR,31-May,SL12,172,99,3.6,H04,52.509
16,SL13C,30-Jun,first,13:34,M,LgLgLg,52,516,1,SL13CLgLgLg,29-May,IR11,261,61,3.2,G68,53.042
17,SL13C,30-Jun,first,13:50,M,PDbP,40,287,2,SL13CPDbP,2-Jun,SL12,391,104,3.3,H06,52.617
18,SL13C,30-Jun,first,14:00,M,YRY,42,195,5,SL13CYRY,29-May,IR11,213,72,2.8,G57,53.451
19,SL1B,3-Jul,first,7:50,M,RYR,28,172,10,SL1BRYR,31-May,SL12,172,99,3.6,H04,52.509
20,SL1B,3-Jul,first,8:00,F,PPR,34,83,2,SL1BPPR,25-May,SL3,234,50,2.2,G45,45.851
21,SL1B,3-Jul,first,8:06,M,DbDbP,13,235,4,SL1BDbDbP,25-May,SL3,145,48,2.3,G46,49.84
22,SL1B,3-Jul,first,8:10,M,DbDbLb,31,69,2,SL1BDbDbLb,24-May,SL3,172,41,3.4,G53,55.065
23,SL1B,3-Jul,first,8:30,M,DbLbLb,62,336,1,SL1BDbLbLb,24-May,SL3,NA,46,3,G41,52.039
24,SL1B,3-Jul,first,8:43,M,PRP,58,385,3,SL1BPRP,24-May,SL3,150,34,2.8,G36,51.015
25,SL1B,3-Jul,first,8:58,M,RDbR,19,173,3,SL1BRDbR,30-May,IR11,32,85,2.2,G77,49.916
26,SL1B,3-Jul,first,10:00,M,YLbY,25,30,2,SL1BYLbY,31-May,SL12,213,98,3.1,H03,52.678
27,SL1B,3-Jul,first,10:01,F,LbLbLb,26,0,NA,SL1BLbLbLb,30-May,IR11,0,80,2.2,G80,45.674
28,SL1B,3-Jul,first,10:11,F,PiPiPi,40,0,NA,SL1BPiPiPi,29-May,IR11,0,77,2,G90,44.297
29,SL13C,3-Jul,first,11:30,M,DbYDb,50,100,4,SL13CDbYDb,29-May,IR11,83,59,2.5,G72,51.235
30,SL13C,3-Jul,first,11:40,M,DbLbDb,71,121,4,SL13CDbLbDb,29-May,IR11,185,69,2.8,G73,51.754
31,SL13C,3-Jul,first,12:00,F,LbYLb,32,100,1,SL13CLbYLb,28-May,SL12,129,56,1.8,G69,42.368
32,SL13C,3-Jul,first,12:23,M,PDbP,33,236,3,SL13CPDbP,2-Jun,SL12,391,104,3.3,H06,52.617
33,SL1B,3-Jul,first,13:34,M,DbDbLb,34,61,4,SL1BDbDbLb,24-May,SL3,172,41,3.4,G53,55.065
34,SL1B,3-Jul,first,13:44,M,PRP,53,129,9,SL1BPRP,24-May,SL3,150,34,2.8,G36,51.015
35,SL1B,3-Jul,first,13:55,M,RDbR,39,27,5,SL1BRDbR,30-May,IR11,32,85,2.2,G77,49.916
36,SL1B,3-Jul,first,14:00,M,YLbY,40,62,19,SL1BYLbY,31-May,SL12,213,98,3.1,H03,52.678
37,SL13C,3-Jul,first,15:30,M,YRY,28,376,2,SL13CYRY,29-May,IR11,213,72,2.8,G57,53.451
38,SL1B,4-Jul,first,7:20,M,DbDbLb,30,178,1,SL1BDbDbLb,24-May,SL3,172,41,3.4,G53,55.065
39,SL1B,4-Jul,first,7:35,F,RRR,3,73,3,SL1BRRR,31-May,SL12,80,97,2.4,H02,45.158
40,SL1B,4-Jul,first,7:44,M,RDbR,18,15,12,SL1BRDbR,30-May,IR11,32,85,2.2,G77,49.916
41,SL1B,4-Jul,first,7:50,F,PiPiPi,19,231,1,SL1BPiPiPi,29-May,IR11,0,77,2,G90,44.297
42,SL1B,4-Jul,first,8:00,M,DbDbP,29,375,14,SL1BDbDbP,25-May,SL3,145,48,2.3,G46,49.84
43,SL1B,4-Jul,first,8:05,M,YLbY,24,300,1,SL1BYLbY,31-May,SL12,213,98,3.1,H03,52.678
44,SL1B,4-Jul,first,9:25,M,DbDbLb,11,253,1,SL1BDbDbLb,24-May,SL3,172,41,3.4,G53,55.065
45,SL1B,4-Jul,first,9:45,F,PiPiPi,24,13,9,SL1BPiPiPi,29-May,IR11,0,77,2,G90,44.297
46,SL1B,4-Jul,first,9:45,M,YLbY,25,27,13,SL1BYLbY,31-May,SL12,213,98,3.1,H03,52.678
47,SL1B,4-Jul,first,10:10,M,PRP,51,252,4,SL1BPRP,24-May,SL3,150,34,2.8,G36,51.015
48,SL1B,4-Jul,first,10:17,M,RYR,51,351,2,SL1BRYR,31-May,SL12,172,99,3.6,H04,52.509
49,SL13C,4-Jul,first,11:15,M,DbLbDb,70,56,20,SL13CDbLbDb,29-May,IR11,185,69,2.8,G73,51.754
50,SL13C,4-Jul,first,11:40,M,DbPDb,32,213,8,SL13CDbPDb,2-Jun,SL12,385,102,3.6,H08,54.604
51,SL13C,5-Jul,first,8:38,M,PiPiLb,52,393,3,SL13CPiPiLb,30-May,IR11,105,81,3.3,G78,52.171
52,SL13C,5-Jul,first,8:41,M,PiPP,62,277,9,SL13CPiPP,30-May,IR11,57,93,2.5,G83,49.494
53,SL13C,5-Jul,first,8:50,M,PiLbPi,59,275,3,SL13CPiLbPi,16-Jun,SL3,202,NA,2.7,I10,NA
54,SL13C,5-Jul,first,9:15,M,YRY,11,263,1,SL13CYRY,29-May,IR11,213,72,2.8,G57,53.451
55,SL1B,5-Jul,first,10:00,F,PPR,34,72,2,SL1BPPR,25-May,SL3,234,50,2.2,G45,45.851
56,SL1B,5-Jul,first,10:04,F,RRR,25,0,NA,SL1BRRR,31-May,SL12,80,97,2.4,H02,45.158
57,SL1B,10-Jul,first,16:40,M,DbRDb,39,47,5,SL1BDbRDb,24-May,SL3,NA,47,2.7,G48,50.924
58,SL1B,10-Jul,first,16:40,M,RDbR,26,74,1,SL1BRDbR,30-May,IR11,32,85,2.2,G77,49.916
59,SL1B,10-Jul,first,17:45,M,PRP,61,190,8,SL1BPRP,24-May,SL3,150,34,2.8,G36,51.015
60,SL1B,10-Jul,first,17:55,M,DbDbLb,30,331,11,SL1BDbDbLb,24-May,SL3,172,41,3.4,G53,55.065
61,SL13C,10-Jul,first,18:40,M,PiPP,52,318,2,SL13CPiPP,30-May,IR11,57,93,2.5,G83,49.494
62,SL1B,11-Jul,first,8:50,M,DbLbLb,62,316,2,SL1BDbLbLb,24-May,SL3,NA,46,3,G41,52.039
63,SL1B,11-Jul,first,8:57,M,RYR,35,253,2,SL1BRYR,31-May,SL12,172,99,3.6,H04,52.509
64,SL1B,11-Jul,first,9:05,M,DbDbP,30,218,14,SL1BDbDbP,25-May,SL3,145,48,2.3,G46,49.84
65,SL1B,11-Jul,first,9:25,F,PPR,36,530,1,SL1BPPR,25-May,SL3,234,50,2.2,G45,45.851
66,SL1B,11-Jul,first,9:32,M,YLbY,24,340,4,SL1BYLbY,31-May,SL12,213,98,3.1,H03,52.678
67,SL1B,11-Jul,first,10:00,M,DbDbLb,30,150,15,SL1BDbDbLb,24-May,SL3,172,41,3.4,G53,55.065
68,SL13C,11-Jul,first,10:45,M,PiPP,52,423,2,SL13CPiPP,30-May,IR11,57,93,2.5,G83,49.494
69,SL13C,11-Jul,first,10:50,M,DbYY,50,274,4,SL13CDbYY,29-May,IR11,35,60,2.4,G71,50.074
70,SL13C,11-Jul,first,11:05,M,PiPiLb,29,89,5,SL13CPiPiLb,30-May,IR11,105,81,3.3,G78,52.171
71,SL13C,11-Jul,first,11:40,M,DbYDb,58,288,2,SL13CDbYDb,29-May,IR11,83,59,2.5,G72,51.235
72,SL13C,11-Jul,first,11:44,F,YYPi,58,65,7,SL13CYYPi,31-May,SL3,81,95,1.6,H01,41.876
73,SL1B,11-Jul,first,17:23,M,YLbY,39,77,4,SL1BYLbY,31-May,SL12,213,98,3.1,H03,52.678
74,SL1B,11-Jul,first,17:25,F,PiPiPi,40,10,7,SL1BPiPiPi,29-May,IR11,0,77,2,G90,44.297
75,SL1B,12-Jul,first,8:00,F,LgLgY,47,222,2,SL1BLgLgY,3-Jun,IR11,137,109,2,H13,43.143
76,SL1B,12-Jul,first,8:20,M,RYR,36,260,3,SL1BRYR,31-May,SL12,172,99,3.6,H04,52.509
77,SL1B,12-Jul,first,8:30,F,RRR,25,84,1,SL1BRRR,31-May,SL12,80,97,2.4,H02,45.158
78,SL1B,12-Jul,first,8:35,M,YLbY,24,230,3,SL1BYLbY,31-May,SL12,213,98,3.1,H03,52.678
79,SL13C,12-Jul,first,9:22,F,RRR,6,188,6,SL13CRRR,29-May,IR11,61,68,1.8,G61,42.286
80,SL13C,12-Jul,first,9:50,M,YRY,28,116,7,SL13CYRY,29-May,IR11,213,72,2.8,G57,53.451
81,SL13C,12-Jul,first,9:59,F,RDgR,33,394,4,SL13CRDgR,3-Jun,IR11,43,108,2.3,H12,43.876
82,SL13C,12-Jul,first,10:03,F,LbYLb,32,198,8,SL13CLbYLb,28-May,SL12,129,56,1.8,G69,42.368
83,SL13C,12-Jul,first,10:22,M,DbYDb,48,98,6,SL13CDbYDb,29-May,IR11,83,59,2.5,G72,51.235
84,SL13C,12-Jul,first,10:25,M,PiPiLb,47,24,2,SL13CPiPiLb,30-May,IR11,105,81,3.3,G78,52.171
85,SL13C,12-Jul,first,10:40,F,RDbR,34,150,1,SL13CRDbR,2-Jun,SL12,107,101,2,H07,42.924
86,SL1B,12-Jul,first,11:45,M,YLbY,24,238,3,SL1BYLbY,31-May,SL12,213,98,3.1,H03,52.678
87,SL1B,12-Jul,first,11:46,F,PiPiPi,40,22,2,SL1BPiPiPi,29-May,IR11,0,77,2,G90,44.297
88,SL1B,12-Jul,first,12:05,M,PiPiY,51,398,2,SL1BPiPiY,30-May,IR11,0,83,2,G92,43.826
89,SL1B,12-Jul,first,12:20,M,RYR,35,133,3,SL1BRYR,31-May,SL12,172,99,3.6,H04,52.509
90,SL13C,12-Jul,first,13:00,F,RDbR,36,247,1,SL13CRDbR,2-Jun,SL12,107,101,2,H07,42.924
91,SL13C,12-Jul,first,13:18,M,PDbP,32,352,6,SL13CPDbP,2-Jun,SL12,391,104,3.3,H06,52.617
92,SL13C,12-Jul,first,13:44,M,PiPiLb,43,142,7,SL13CPiPiLb,30-May,IR11,105,81,3.3,G78,52.171
93,SL13C,13-Jul,first,12:35,F,RDbR,34,230,2,SL13CRDbR,2-Jun,SL12,107,101,2,H07,42.924
94,SL13C,13-Jul,first,13:06,M,DbLbDb,64,24,1,SL13CDbLbDb,29-May,IR11,185,69,2.8,G73,51.754
95,SL13C,13-Jul,first,13:11,F,YYR,64,184,1,SL13CYYR,29-May,IR11,215,67,2.2,G74,47.282
96,SL13C,13-Jul,first,13:27,M,DbYDb,19,55,3,SL13CDbYDb,29-May,IR11,83,59,2.5,G72,51.235
97,SL1B,13-Jul,first,14:57,F,RRR,18,104,1,SL1BRRR,31-May,SL12,80,97,2.4,H02,45.158
98,SL13C,13-Jul,first,17:15,M,YRY,24,69,3,SL13CYRY,29-May,IR11,213,72,2.8,G57,53.451
99,SL13C,13-Jul,first,17:30,M,DbYDb,48,309,2,SL13CDbYDb,29-May,IR11,83,59,2.5,G72,51.235
100,SL13C,13-Jul,first,17:55,F,LbYLb,21,145,2,SL13CLbYLb,28-May,SL12,129,56,1.8,G69,42.368
101,SL1B,14-Jul,first,8:13,M,PRP,46,303,2,SL1BPRP,24-May,SL3,150,34,2.8,G36,51.015
102,SL1B,14-Jul,first,8:30,M,YLbY,24,84,13,SL1BYLbY,31-May,SL12,213,98,3.1,H03,52.678
103,SL1B,14-Jul,first,8:30,F,RRR,25,18,10,SL1BRRR,31-May,SL12,80,97,2.4,H02,45.158
104,SL1B,14-Jul,first,8:45,M,DbRDb,23,132,3,SL1BDbRDb,24-May,SL3,NA,47,2.7,G48,50.924
105,SL1B,14-Jul,first,9:10,M,RDbR,4,87,9,SL1BRDbR,30-May,IR11,32,85,2.2,G77,49.916
106,SL1B,14-Jul,first,9:32,M,DbDbLb,30,112,3,SL1BDbDbLb,24-May,SL3,172,41,3.4,G53,55.065
107,SL13C,14-Jul,first,10:52,M,PiLbPi,41,230,2,SL13CPiLbPi,16-Jun,SL3,202,NA,2.7,I10,NA
108,SL13C,14-Jul,first,10:55,M,PiPiLb,43,430,3,SL13CPiPiLb,30-May,IR11,105,81,3.3,G78,52.171
109,SL13C,14-Jul,first,11:50,M,DbLbDb,71,360,3,SL13CDbLbDb,29-May,IR11,185,69,2.8,G73,51.754
110,SL1B,14-Jul,first,14:15,M,PRP,58,335,3,SL1BPRP,24-May,SL3,150,34,2.8,G36,51.015
111,SL1B,14-Jul,first,14:23,M,YLbY,25,380,4,SL1BYLbY,31-May,SL12,213,98,3.1,H03,52.678
112,SL1B,14-Jul,first,14:23,M,RDbR,39,140,11,SL1BRDbR,30-May,IR11,32,85,2.2,G77,49.916
113,SL13C,14-Jul,first,15:53,F,RDgR,32,316,4,SL13CRDgR,3-Jun,IR11,43,108,2.3,H12,43.876
114,SL13C,14-Jul,first,16:03,F,PiPiPi,28,275,3,SL13CPiPiPi,17-Jun,SL12,262,199,1.76,W50,44.096
115,SL13C,15-Jul,first,7:30,F,RDgR,32,308,7,SL13CRDgR,3-Jun,IR11,43,108,2.3,H12,43.876
116,SL13C,15-Jul,first,7:40,F,RDbR,34,55,4,SL13CRDbR,2-Jun,SL12,107,101,2,H07,42.924
117,SL13C,15-Jul,first,8:03,M,DbYDb,40,263,3,SL13CDbYDb,29-May,IR11,83,59,2.5,G72,51.235
118,SL1B,15-Jul,first,8:55,M,RDbR,57,70,3,SL1BRDbR,30-May,IR11,32,85,2.2,G77,49.916
119,SL1B,15-Jul,first,9:03,M,RYR,29,97,3,SL1BRYR,31-May,SL12,172,99,3.6,H04,52.509
120,SL1B,15-Jul,first,9:08,M,DbDbLb,13,103,2,SL1BDbDbLb,24-May,SL3,172,41,3.4,G53,55.065
121,SL1B,15-Jul,first,9:20,M,PRP,52,350,2,SL1BPRP,24-May,SL3,150,34,2.8,G36,51.015
122,SL1B,15-Jul,first,9:30,M,YLbY,39,231,4,SL1BYLbY,31-May,SL12,213,98,3.1,H03,52.678
123,SL1B,15-Jul,first,9:35,F,RRR,25,193,2,SL1BRRR,31-May,SL12,80,97,2.4,H02,45.158
124,SL13C,15-Jul,first,10:30,M,PiPP,51,255,3,SL13CPiPP,30-May,IR11,57,93,2.5,G83,49.494
125,SL13C,15-Jul,first,10:34,F,PiYPi,49,96,2,SL13CPiYPi,30-May,IR11,13,82,2.2,G79,46.307
126,SL13C,15-Jul,first,10:40,M,DbLbDb,71,180,1,SL13CDbLbDb,29-May,IR11,185,69,2.8,G73,51.754
127,SL13C,15-Jul,first,10:50,F,YYY,62,170,1,SL13CYYY,17-Jun,SL12,115,NA,2.7,I23,NA
128,SL1B,15-Jul,first,11:57,M,YLbY,25,142,2,SL1BYLbY,31-May,SL12,213,98,3.1,H03,52.678
129,SL1B,15-Jul,first,12:05,M,RYR,27,289,3,SL1BRYR,31-May,SL12,172,99,3.6,H04,52.509
130,SL1B,15-Jul,first,12:20,M,PRP,56,269,4,SL1BPRP,24-May,SL3,150,34,2.8,G36,51.015
131,SL13C,15-Jul,first,13:23,M,DbLbDb,71,211,2,SL13CDbLbDb,29-May,IR11,185,69,2.8,G73,51.754
132,SL13C,15-Jul,first,13:37,M,PiPiLb,42,120,2,SL13CPiPiLb,30-May,IR11,105,81,3.3,G78,52.171
133,SL13C,15-Jul,first,13:40,F,DbPiDb,31,0,NA,SL13CDbPiDb,16-Jun,SL3,162,NA,1.9,I11,NA
134,SL13C,16-Jul,first,7:53,M,PiPP,52,469,2,SL13CPiPP,30-May,IR11,57,93,2.5,G83,49.494
135,SL13C,16-Jul,first,8:00,F,DbDbLb,52,413,1,SL13CDbDbLb,29-May,IR11,0,57,2.2,G62,44.879
136,SL13C,16-Jul,first,8:20,M,PDbP,22,244,1,SL13CPDbP,2-Jun,SL12,391,104,3.3,H06,52.617
137,SL13C,16-Jul,first,8:35,M,DbYDb,41,158,1,SL13CDbYDb,29-May,IR11,83,59,2.5,G72,51.235
138,SL13C,16-Jul,first,8:59,M,PiPiLb,43,150,3,SL13CPiPiLb,30-May,IR11,105,81,3.3,G78,52.171
139,SL1B,16-Jul,first,9:52,M,YLbY,25,305,1,SL1BYLbY,31-May,SL12,213,98,3.1,H03,52.678
140,SL1B,16-Jul,first,9:54,F,PiPiPi,25,0,NA,SL1BPiPiPi,29-May,IR11,0,77,2,G90,44.297
141,SL1B,16-Jul,first,10:25,M,PRP,53,254,4,SL1BPRP,24-May,SL3,150,34,2.8,G36,51.015
142,SL1B,16-Jul,first,10:27,F,LbPiPi,57,292,2,SL1BLbPiPi,30-May,IR11,98,89,2.4,G95,47.813
143,SL13C,16-Jul,first,12:03,M,PiPP,51,298,2,SL13CPiPP,30-May,IR11,57,93,2.5,G83,49.494
144,SL13C,16-Jul,first,12:15,M,PiPiLb,43,56,2,SL13CPiPiLb,30-May,IR11,105,81,3.3,G78,52.171
145,SL13C,16-Jul,first,12:20,M,PiLbPi,58,229,6,SL13CPiLbPi,16-Jun,SL3,202,NA,2.7,I10,NA
146,SL13C,16-Jul,first,12:21,M,DbYDb,58,209,1,SL13CDbYDb,29-May,IR11,83,59,2.5,G72,51.235
147,SL13C,16-Jul,first,12:30,M,DbLbDb,71,169,1,SL13CDbLbDb,29-May,IR11,185,69,2.8,G73,51.754
148,SL1B,16-Jul,first,16:04,M,RYR,52,177,1,SL1BRYR,31-May,SL12,172,99,3.6,H04,52.509
149,SL1B,16-Jul,first,16:25,M,YLbY,18,160,3,SL1BYLbY,31-May,SL12,213,98,3.1,H03,52.678
150,SL13C,16-Jul,first,17:35,M,PiPP,52,342,2,SL13CPiPP,30-May,IR11,57,93,2.5,G83,49.494
151,SL1B,17-Jul,first,7:40,M,RYR,37,176,13,SL1BRYR,31-May,SL12,172,99,3.6,H04,52.509
152,SL1B,17-Jul,first,7:43,M,YLbY,38,172,8,SL1BYLbY,31-May,SL12,213,98,3.1,H03,52.678
153,SL1B,17-Jul,first,7:46,M,RDbR,46,162,8,SL1BRDbR,30-May,IR11,32,85,2.2,G77,49.916
154,SL1B,17-Jul,first,8:00,F,PiPiPi,24,27,10,SL1BPiPiPi,29-May,IR11,0,77,2,G90,44.297
155,SL1B,17-Jul,first,8:15,M,DbRDb,18,178,4,SL1BDbRDb,24-May,SL3,NA,47,2.7,G48,50.924
156,SL13C,17-Jul,first,9:35,F,YYR,64,15,11,SL13CYYR,29-May,IR11,215,67,2.2,G74,47.282
157,SL13C,17-Jul,first,9:59,M,PiPiLb,44,326,7,SL13CPiPiLb,30-May,IR11,105,81,3.3,G78,52.171
158,SL13C,17-Jul,first,10:20,F,PiYPi,49,177,1,SL13CPiYPi,30-May,IR11,13,82,2.2,G79,46.307
159,SL1B,17-Jul,first,11:27,M,PRP,53,231,4,SL1BPRP,24-May,SL3,150,34,2.8,G36,51.015
160,SL1B,17-Jul,first,11:55,F,LbLbLb,25,13,6,SL1BLbLbLb,30-May,IR11,0,80,2.2,G80,45.674
161,SL1B,17-Jul,first,11:58,M,YLbY,24,298,4,SL1BYLbY,31-May,SL12,213,98,3.1,H03,52.678
162,SL13C,17-Jul,first,13:25,M,PiPiLb,42,102,12,SL13CPiPiLb,30-May,IR11,105,81,3.3,G78,52.171
163,SL13C,17-Jul,first,13:35,M,DbLbDb,71,236,3,SL13CDbLbDb,29-May,IR11,185,69,2.8,G73,51.754
164,SL13C,18-Jul,first,7:46,F,RDbR,19,238,1,SL13CRDbR,2-Jun,SL12,107,101,2,H07,42.924
165,SL13C,18-Jul,first,8:10,M,DbLbDb,69,98,12,SL13CDbLbDb,29-May,IR11,185,69,2.8,G73,51.754
166,SL13C,18-Jul,first,8:40,M,PiLbPi,30,167,1,SL13CPiLbPi,16-Jun,SL3,202,NA,2.7,I10,NA
167,SL13C,18-Jul,first,8:49,M,PiPP,51,292,2,SL13CPiPP,30-May,IR11,57,93,2.5,G83,49.494
168,SL1B,18-Jul,first,10:05,M,YLbY,19,31,4,SL1BYLbY,31-May,SL12,213,98,3.1,H03,52.678
169,SL13C,18-Jul,first,11:00,M,DbLbDb,69,87,13,SL13CDbLbDb,29-May,IR11,185,69,2.8,G73,51.754
170,SL13C,18-Jul,first,11:00,F,YYY,69,87,13,SL13CYYY,17-Jun,SL12,115,NA,2.7,I23,NA
171,SL13C,18-Jul,first,11:20,M,DbYDb,49,144,3,SL13CDbYDb,29-May,IR11,83,59,2.5,G72,51.235
172,SL13C,18-Jul,first,11:40,F,LbYLb,32,96,2,SL13CLbYLb,28-May,SL12,129,56,1.8,G69,42.368
173,SL1B,18-Jul,first,15:00,F,LbLbLb,24,92,5,SL1BLbLbLb,30-May,IR11,0,80,2.2,G80,45.674
174,SL1B,18-Jul,first,15:40,M,YLbY,39,37,8,SL1BYLbY,31-May,SL12,213,98,3.1,H03,52.678
175,SL1B,18-Jul,first,16:10,M,DbLbLb,62,250,3,SL1BDbLbLb,24-May,SL3,NA,46,3,G41,52.039
176,SL13C,19-Jul,first,7:42,F,PiPiPi,29,193,3,SL13CPiPiPi,17-Jun,SL12,262,199,1.76,W50,44.096
177,SL13C,19-Jul,first,7:42,M,YRY,29,215,2,SL13CYRY,29-May,IR11,213,72,2.8,G57,53.451
178,SL13C,19-Jul,first,7:55,M,PDbP,21,387,1,SL13CPDbP,2-Jun,SL12,391,104,3.3,H06,52.617
179,SL13C,19-Jul,first,8:00,F,LbYLb,22,241,1,SL13CLbYLb,28-May,SL12,129,56,1.8,G69,42.368
180,SL1B,19-Jul,first,9:20,M,YLbY,25,294,3,SL1BYLbY,31-May,SL12,213,98,3.1,H03,52.678
181,SL13C,19-Jul,first,9:59,M,PiPP,54,391,3,SL13CPiPP,30-May,IR11,57,93,2.5,G83,49.494
182,SL13C,19-Jul,first,10:19,M,PiPiLb,43,36,5,SL13CPiPiLb,30-May,IR11,105,81,3.3,G78,52.171
183,SL13C,19-Jul,first,10:55,F,PiYPi,57,157,1,SL13CPiYPi,30-May,IR11,13,82,2.2,G79,46.307
184,SL1B,19-Jul,first,11:45,M,PRP,59,249,7,SL1BPRP,24-May,SL3,150,34,2.8,G36,51.015
185,SL1B,19-Jul,first,11:53,M,YLbY,24,257,1,SL1BYLbY,31-May,SL12,213,98,3.1,H03,52.678
186,SL13C,19-Jul,first,15:25,M,PiPiLb,43,244,7,SL13CPiPiLb,30-May,IR11,105,81,3.3,G78,52.171
187,SL13C,19-Jul,first,15:48,M,PDbP,21,310,3,SL13CPDbP,2-Jun,SL12,391,104,3.3,H06,52.617
188,SL1B,20-Jul,first,8:03,M,PRP,53,290,5,SL1BPRP,24-May,SL3,150,34,2.8,G36,51.015
189,SL1B,20-Jul,first,8:22,M,YLbY,18,20,14,SL1BYLbY,31-May,SL12,213,98,3.1,H03,52.678
190,SL1B,20-Jul,first,8:22,F,RRR,18,140,2,SL1BRRR,31-May,SL12,80,97,2.4,H02,45.158
191,SL1B,20-Jul,first,9:33,F,RRR,19,51,2,SL1BRRR,31-May,SL12,80,97,2.4,H02,45.158
192,SL1B,20-Jul,first,9:35,M,DbDbLb,13,63,1,SL1BDbDbLb,24-May,SL3,172,41,3.4,G53,55.065
193,SL1B,20-Jul,first,9:45,M,YLbY,21,185,1,SL1BYLbY,31-May,SL12,213,98,3.1,H03,52.678
194,SL1B,20-Jul,first,10:18,M,DbRDb,23,120,3,SL1BDbRDb,24-May,SL3,NA,47,2.7,G48,50.924
195,SL1B,20-Jul,first,10:33,F,LgLgY,45,0,NA,SL1BLgLgY,3-Jun,IR11,137,109,2,H13,43.143
196,SL1B,20-Jul,first,10:34,M,RDbR,45,32,2,SL1BRDbR,30-May,IR11,32,85,2.2,G77,49.916
197,SL1B,20-Jul,first,10:38,M,PiPiY,36,260,9,SL1BPiPiY,30-May,IR11,0,83,2,G92,43.826
198,SL1B,20-Jul,first,10:40,M,RYR,36,229,5,SL1BRYR,31-May,SL12,172,99,3.6,H04,52.509
199,SL1B,20-Jul,first,10:53,M,DbLbLb,59,288,2,SL1BDbLbLb,24-May,SL3,NA,46,3,G41,52.039
200,SL13C,20-Jul,first,14:15,M,DbPDb,34,114,6,SL13CDbPDb,2-Jun,SL12,385,102,3.6,H08,54.604
201,SL13C,20-Jul,first,14:26,M,DbLbDb,71,186,2,SL13CDbLbDb,29-May,IR11,185,69,2.8,G73,51.754
202,SL13C,20-Jul,first,14:45,F,RDbR,32,0,NA,SL13CRDbR,2-Jun,SL12,107,101,2,H07,42.924
203,SL13C,20-Jul,first,14:45,F,RDgR,32,0,NA,SL13CRDgR,3-Jun,IR11,43,108,2.3,H12,43.876
204,SL13C,20-Jul,first,14:55,F,YYPi,42,30,2,SL13CYYPi,31-May,SL3,81,95,1.6,H01,41.876
205,SL13C,20-Jul,first,14:58,M,YRY,28,41,1,SL13CYRY,29-May,IR11,213,72,2.8,G57,53.451
206,SL1B,20-Jul,first,16:00,M,RDbR,38,238,9,SL1BRDbR,30-May,IR11,32,85,2.2,G77,49.916
207,SL1B,20-Jul,first,16:01,M,YLbY,24,63,18,SL1BYLbY,31-May,SL12,213,98,3.1,H03,52.678
208,SL1B,20-Jul,first,16:17,M,RYR,36,230,7,SL1BRYR,31-May,SL12,172,99,3.6,H04,52.509
209,SL1B,20-Jul,first,16:35,F,PiPiPi,25,23,14,SL1BPiPiPi,29-May,IR11,0,77,2,G90,44.297
210,SL1B,20-Jul,first,16:45,M,DbDbLb,12,67,2,SL1BDbDbLb,24-May,SL3,172,41,3.4,G53,55.065
211,SL13C,21-Jul,first,7:37,M,DbYY,40,194,5,SL13CDbYY,29-May,IR11,35,60,2.4,G71,50.074
212,SL13C,21-Jul,first,7:46,M,PiLbPi,41,255,2,SL13CPiLbPi,16-Jun,SL3,202,NA,2.7,I10,NA
213,SL13C,21-Jul,first,8:05,M,PiPiLb,48,152,3,SL13CPiPiLb,30-May,IR11,105,81,3.3,G78,52.171
214,SL13C,21-Jul,first,8:18,F,PiPiPi,10,91,1,SL13CPiPiPi,17-Jun,SL12,262,199,1.76,W50,44.096
215,SL13C,21-Jul,first,8:23,F,RDbR,34,66,9,SL13CRDbR,2-Jun,SL12,107,101,2,H07,42.924
216,SL13C,21-Jul,first,8:33,M,DbPDb,20,23,2,SL13CDbPDb,2-Jun,SL12,385,102,3.6,H08,54.604
217,SL13C,21-Jul,first,8:42,F,RRR,23,126,5,SL13CRRR,29-May,IR11,61,68,1.8,G61,42.286
218,SL13C,21-Jul,first,10:07,M,DbPDb,19,55,2,SL13CDbPDb,2-Jun,SL12,385,102,3.6,H08,54.604
219,SL13C,21-Jul,first,10:13,M,YRY,28,88,1,SL13CYRY,29-May,IR11,213,72,2.8,G57,53.451
220,SL13C,21-Jul,first,10:35,M,PDbP,40,261,1,SL13CPDbP,2-Jun,SL12,391,104,3.3,H06,52.617
221,SL1B,21-Jul,first,11:25,F,RRR,19,59,8,SL1BRRR,31-May,SL12,80,97,2.4,H02,45.158
222,SL1B,21-Jul,first,11:40,M,DbRDb,39,188,2,SL1BDbRDb,24-May,SL3,NA,47,2.7,G48,50.924
223,SL1B,21-Jul,first,11:41,M,YLbY,39,191,9,SL1BYLbY,31-May,SL12,213,98,3.1,H03,52.678
224,SL1B,21-Jul,first,11:44,F,PiPiPi,40,12,12,SL1BPiPiPi,29-May,IR11,0,77,2,G90,44.297
225,SL1B,21-Jul,first,11:44,M,RDbR,40,10,7,SL1BRDbR,30-May,IR11,32,85,2.2,G77,49.916
226,SL1B,21-Jul,first,11:51,M,PRP,57,231,6,SL1BPRP,24-May,SL3,150,34,2.8,G36,51.015
227,SL13C,22-Jul,first,8:10,F,DbPiDb,22,94,6,SL13CDbPiDb,16-Jun,SL3,162,NA,1.9,I11,NA
228,SL13C,22-Jul,first,8:16,M,PiPP,31,250,3,SL13CPiPP,30-May,IR11,57,93,2.5,G83,49.494
229,SL13C,22-Jul,first,8:22,M,PiLbPi,30,172,1,SL13CPiLbPi,16-Jun,SL3,202,NA,2.7,I10,NA
230,SL13C,22-Jul,first,8:35,M,DbYDb,49,142,1,SL13CDbYDb,29-May,IR11,83,59,2.5,G72,51.235
231,SL13C,22-Jul,first,8:48,M,PiPiLb,43,247,5,SL13CPiPiLb,30-May,IR11,105,81,3.3,G78,52.171
232,SL13C,22-Jul,first,9:18,F,YYR,58,0,NA,SL13CYYR,29-May,IR11,215,67,2.2,G74,47.282
233,SL1B,22-Jul,first,10:05,M,DbLbLb,62,318,2,SL1BDbLbLb,24-May,SL3,NA,46,3,G41,52.039
234,SL1B,22-Jul,first,10:13,M,RYR,36,213,6,SL1BRYR,31-May,SL12,172,99,3.6,H04,52.509
235,SL1B,22-Jul,first,10:15,M,DbDbLb,29,230,3,SL1BDbDbLb,24-May,SL3,172,41,3.4,G53,55.065
236,SL1B,22-Jul,first,10:55,F,LgLgY,54,180,4,SL1BLgLgY,3-Jun,IR11,137,109,2,H13,43.143
237,SL13C,23-Jul,first,9:47,M,PiPP,52,316,12,SL13CPiPP,30-May,IR11,57,93,2.5,G83,49.494
238,SL13C,23-Jul,first,10:08,M,DbLbDb,62,268,9,SL13CDbLbDb,29-May,IR11,185,69,2.8,G73,51.754
239,SL13C,23-Jul,first,10:18,M,PDbP,30,28,4,SL13CPDbP,2-Jun,SL12,391,104,3.3,H06,52.617
240,SL13C,23-Jul,first,10:25,F,DbPiDb,22,24,5,SL13CDbPiDb,16-Jun,SL3,162,NA,1.9,I11,NA
241,SL13C,23-Jul,first,10:33,M,DbYDb,58,100,8,SL13CDbYDb,29-May,IR11,83,59,2.5,G72,51.235
242,SL13C,23-Jul,first,10:49,M,DbPDb,18,158,3,SL13CDbPDb,2-Jun,SL12,385,102,3.6,H08,54.604
243,SL1B,27-Jul,second,8:25,M,PRP,53,333,2,SL1BPRP,24-May,SL3,150,34,2.8,G36,51.015
244,SL1B,27-Jul,second,8:42,M,YLbY,25,323,1,SL1BYLbY,31-May,SL12,213,98,3.1,H03,52.678
245,SL1B,27-Jul,second,9:04,M,RYR,36,282,9,SL1BRYR,31-May,SL12,172,99,3.6,H04,52.509
246,SL1B,27-Jul,second,9:18,M,DbDbLb,12,149,7,SL1BDbDbLb,24-May,SL3,172,41,3.4,G53,55.065
247,SL13C,27-Jul,second,10:05,F,LbYLb,32,205,1,SL13CLbYLb,28-May,SL12,129,56,1.8,G69,42.368
248,SL13C,27-Jul,second,10:06,M,PDbP,32,84,1,SL13CPDbP,2-Jun,SL12,391,104,3.3,H06,52.617
249,SL13C,27-Jul,second,10:14,F,RDgR,32,48,2,SL13CRDgR,3-Jun,IR11,43,108,2.3,H12,43.876
250,SL13C,27-Jul,second,10:15,M,PiPiLb,43,218,4,SL13CPiPiLb,30-May,IR11,105,81,3.3,G78,52.171
251,SL13C,27-Jul,second,10:20,M,DbYDb,50,312,1,SL13CDbYDb,29-May,IR11,83,59,2.5,G72,51.235
252,SL13C,27-Jul,second,10:25,M,DbPDb,18,136,4,SL13CDbPDb,2-Jun,SL12,385,102,3.6,H08,54.604
253,SL13C,27-Jul,second,10:35,F,YYY,75,257,8,SL13CYYY,17-Jun,SL12,115,NA,2.7,I23,NA
254,SL13C,27-Jul,second,12:06,M,DbPDb,37,39,12,SL13CDbPDb,2-Jun,SL12,385,102,3.6,H08,54.604
255,SL13C,27-Jul,second,12:11,F,LbYLb,22,29,5,SL13CLbYLb,28-May,SL12,129,56,1.8,G69,42.368
256,SL13C,27-Jul,second,12:15,F,RDgR,32,32,1,SL13CRDgR,3-Jun,IR11,43,108,2.3,H12,43.876
257,SL13C,27-Jul,second,12:29,M,YRY,43,95,1,SL13CYRY,29-May,IR11,213,72,2.8,G57,53.451
258,SL1B,28-Jul,second,7:48,M,RDbR,53,115,3,SL1BRDbR,30-May,IR11,32,85,2.2,G77,49.916
259,SL1B,28-Jul,second,7:54,M,YLbY,24,224,3,SL1BYLbY,31-May,SL12,213,98,3.1,H03,52.678
260,SL1B,28-Jul,second,8:03,M,DbRDb,41,169,1,SL1BDbRDb,24-May,SL3,NA,47,2.7,G48,50.924
261,SL1B,28-Jul,second,8:25,M,RYR,53,199,6,SL1BRYR,31-May,SL12,172,99,3.6,H04,52.509
262,SL1B,28-Jul,second,8:30,M,DbDbLb,13,83,1,SL1BDbDbLb,24-May,SL3,172,41,3.4,G53,55.065
263,SL13C,28-Jul,second,9:05,M,PDbP,32,310,2,SL13CPDbP,2-Jun,SL12,391,104,3.3,H06,52.617
264,SL13C,28-Jul,second,9:10,M,DbPDb,18,172,1,SL13CDbPDb,2-Jun,SL12,385,102,3.6,H08,54.604
265,SL13C,28-Jul,second,9:27,M,DbLbDb,72,107,3,SL13CDbLbDb,29-May,IR11,185,69,2.8,G73,51.754
266,SL13C,28-Jul,second,9:33,F,YYPi,42,56,1,SL13CYYPi,31-May,SL3,81,95,1.6,H01,41.876
267,SL13C,28-Jul,second,9:38,M,DbYDb,49,190,2,SL13CDbYDb,29-May,IR11,83,59,2.5,G72,51.235
268,SL13C,28-Jul,second,9:41,F,PiPiPi,11,59,1,SL13CPiPiPi,17-Jun,SL12,262,199,1.76,W50,44.096
269,SL13C,28-Jul,second,9:42,M,PiPiLb,43,132,6,SL13CPiPiLb,30-May,IR11,105,81,3.3,G78,52.171
270,SL13C,28-Jul,second,10:00,M,YRY,11,138,2,SL13CYRY,29-May,IR11,213,72,2.8,G57,53.451
271,SL1B,28-Jul,second,10:41,M,PRP,61,190,1,SL1BPRP,24-May,SL3,150,34,2.8,G36,51.015
272,SL1B,28-Jul,second,10:43,M,RYR,35,139,5,SL1BRYR,31-May,SL12,172,99,3.6,H04,52.509
273,SL1B,28-Jul,second,10:51,M,DbDbLb,30,111,2,SL1BDbDbLb,24-May,SL3,172,41,3.4,G53,55.065
274,SL1B,28-Jul,second,11:00,M,DbLbLb,61,147,7,SL1BDbLbLb,24-May,SL3,NA,46,3,G41,52.039
275,SL1B,28-Jul,second,11:00,F,LgLgY,54,298,6,SL1BLgLgY,3-Jun,IR11,137,109,2,H13,43.143
276,SL1B,28-Jul,second,11:01,F,LbPiPi,61,165,2,SL1BLbPiPi,30-May,IR11,98,89,2.4,G95,47.813
277,SL1B,28-Jul,second,11:10,M,YLbY,19,22,1,SL1BYLbY,31-May,SL12,213,98,3.1,H03,52.678
278,SL1B,28-Jul,second,11:11,F,LbLbLb,19,25,4,SL1BLbLbLb,30-May,IR11,0,80,2.2,G80,45.674
279,SL1B,28-Jul,second,11:15,F,RRR,18,130,1,SL1BRRR,31-May,SL12,80,97,2.4,H02,45.158
280,SL13C,30-Jul,second,7:53,M,DbYDb,49,170,1,SL13CDbYDb,29-May,IR11,83,59,2.5,G72,51.235
281,SL13C,30-Jul,second,7:59,F,YYPi,43,49,5,SL13CYYPi,31-May,SL3,81,95,1.6,H01,41.876
282,SL13C,30-Jul,second,8:13,M,PiPiLb,42,347,2,SL13CPiPiLb,30-May,IR11,105,81,3.3,G78,52.171
283,SL13C,30-Jul,second,8:15,M,YRY,29,197,2,SL13CYRY,29-May,IR11,213,72,2.8,G57,53.451
284,SL13C,30-Jul,second,8:35,M,PDbP,30,301,1,SL13CPDbP,2-Jun,SL12,391,104,3.3,H06,52.617
285,SL1B,30-Jul,second,9:03,M,RYR,29,202,11,SL1BRYR,31-May,SL12,172,99,3.6,H04,52.509
286,SL1B,30-Jul,second,9:10,M,DbDbLb,12,69,2,SL1BDbDbLb,24-May,SL3,172,41,3.4,G53,55.065
287,SL1B,30-Jul,second,9:25,M,YLbY,24,235,3,SL1BYLbY,31-May,SL12,213,98,3.1,H03,52.678
288,SL1B,30-Jul,second,9:36,M,DbLbLb,38,64,7,SL1BDbLbLb,24-May,SL3,NA,46,3,G41,52.039
289,SL1B,30-Jul,second,9:38,F,PiPiPi,24,7,7,SL1BPiPiPi,29-May,IR11,0,77,2,G90,44.297
290,SL1B,30-Jul,second,9:49,M,PRP,57,273,3,SL1BPRP,24-May,SL3,150,34,2.8,G36,51.015
291,SL13C,30-Jul,second,10:43,F,RDbR,19,44,2,SL13CRDbR,2-Jun,SL12,107,101,2,H07,42.924
292,SL13C,30-Jul,second,11:03,F,RDgR,32,111,10,SL13CRDgR,3-Jun,IR11,43,108,2.3,H12,43.876
293,SL13C,30-Jul,second,11:32,M,YRY,10,105,2,SL13CYRY,29-May,IR11,213,72,2.8,G57,53.451
294,SL1B,30-Jul,second,12:03,M,DbDbLb,32,142,6,SL1BDbDbLb,24-May,SL3,172,41,3.4,G53,55.065
295,SL1B,30-Jul,second,12:10,M,DbLbLb,38,86,11,SL1BDbLbLb,24-May,SL3,NA,46,3,G41,52.039
296,SL1B,30-Jul,second,12:35,M,YLbY,24,236,3,SL1BYLbY,31-May,SL12,213,98,3.1,H03,52.678
297,SL1B,31-Jul,second,7:43,F,PiPiPi,25,218,9,SL1BPiPiPi,29-May,IR11,0,77,2,G90,44.297
298,SL1B,31-Jul,second,7:45,M,DbLbLb,39,254,4,SL1BDbLbLb,24-May,SL3,NA,46,3,G41,52.039
299,SL1B,31-Jul,second,7:54,M,RDbR,4,140,4,SL1BRDbR,30-May,IR11,32,85,2.2,G77,49.916
300,SL1B,31-Jul,second,8:00,M,DbRDb,23,134,1,SL1BDbRDb,24-May,SL3,NA,47,2.7,G48,50.924
301,SL1B,31-Jul,second,8:06,M,RYR,37,197,4,SL1BRYR,31-May,SL12,172,99,3.6,H04,52.509
302,SL1B,31-Jul,second,8:15,M,PRP,46,220,8,SL1BPRP,24-May,SL3,150,34,2.8,G36,51.015
303,SL13C,31-Jul,second,9:10,M,PiPiLb,44,140,1,SL13CPiPiLb,30-May,IR11,105,81,3.3,G78,52.171
304,SL13C,31-Jul,second,9:14,M,DbPDb,34,64,2,SL13CDbPDb,2-Jun,SL12,385,102,3.6,H08,54.604
305,SL13C,31-Jul,second,9:20,M,DbLbDb,72,280,2,SL13CDbLbDb,29-May,IR11,185,69,2.8,G73,51.754
306,SL13C,31-Jul,second,9:22,M,PDbP,31,319,2,SL13CPDbP,2-Jun,SL12,391,104,3.3,H06,52.617
307,SL13C,31-Jul,second,9:24,F,LbYLb,32,285,3,SL13CLbYLb,28-May,SL12,129,56,1.8,G69,42.368
308,SL13C,31-Jul,second,9:30,M,PiLbPi,61,318,1,SL13CPiLbPi,16-Jun,SL3,202,NA,2.7,I10,NA
309,SL13C,31-Jul,second,9:39,M,PiPP,52,274,8,SL13CPiPP,30-May,IR11,57,93,2.5,G83,49.494
310,SL13C,31-Jul,second,9:42,F,PiYPi,49,203,1,SL13CPiYPi,30-May,IR11,13,82,2.2,G79,46.307
311,SL1B,31-Jul,second,10:16,M,YLbY,24,67,9,SL1BYLbY,31-May,SL12,213,98,3.1,H03,52.678
312,SL1B,31-Jul,second,10:20,M,DbLbLb,27,103,7,SL1BDbLbLb,24-May,SL3,NA,46,3,G41,52.039
313,SL1B,31-Jul,second,10:37,M,PRP,47,248,4,SL1BPRP,24-May,SL3,150,34,2.8,G36,51.015
314,SL1B,31-Jul,second,10:43,M,RYR,37,213,3,SL1BRYR,31-May,SL12,172,99,3.6,H04,52.509
315,SL1B,31-Jul,second,10:46,M,RDbR,47,59,3,SL1BRDbR,30-May,IR11,32,85,2.2,G77,49.916
316,SL1B,31-Jul,second,11:00,F,LbLbLb,42,35,13,SL1BLbLbLb,30-May,IR11,0,80,2.2,G80,45.674
317,SL13C,31-Jul,second,11:37,M,PDbP,33,96,5,SL13CPDbP,2-Jun,SL12,391,104,3.3,H06,52.617
318,SL13C,31-Jul,second,11:44,M,PiPiLb,43,77,7,SL13CPiPiLb,30-May,IR11,105,81,3.3,G78,52.171
319,SL13C,31-Jul,second,11:46,F,LbYLb,22,123,1,SL13CLbYLb,28-May,SL12,129,56,1.8,G69,42.368
320,SL13C,31-Jul,second,11:52,F,DbPiDb,21,130,2,SL13CDbPiDb,16-Jun,SL3,162,NA,1.9,I11,NA
321,SL13C,31-Jul,second,11:53,M,PiPP,51,305,2,SL13CPiPP,30-May,IR11,57,93,2.5,G83,49.494
322,SL13C,31-Jul,second,11:58,F,RRR,10,43,1,SL13CRRR,29-May,IR11,61,68,1.8,G61,42.286
323,SL13C,31-Jul,second,12:03,M,DbYDb,48,179,1,SL13CDbYDb,29-May,IR11,83,59,2.5,G72,51.235
324,SL13C,31-Jul,second,12:06,M,YRY,24,49,1,SL13CYRY,29-May,IR11,213,72,2.8,G57,53.451
325,SL13C,31-Jul,second,12:16,F,PiYPi,50,66,2,SL13CPiYPi,30-May,IR11,13,82,2.2,G79,46.307
326,SL13C,1-Aug,second,7:44,M,PiPiLb,43,363,2,SL13CPiPiLb,30-May,IR11,105,81,3.3,G78,52.171
327,SL13C,1-Aug,second,7:47,M,YRY,11,134,5,SL13CYRY,29-May,IR11,213,72,2.8,G57,53.451
328,SL13C,1-Aug,second,7:50,M,DbPDb,19,68,3,SL13CDbPDb,2-Jun,SL12,385,102,3.6,H08,54.604
329,SL13C,1-Aug,second,8:05,F,PiYPi,49,169,2,SL13CPiYPi,30-May,IR11,13,82,2.2,G79,46.307
330,SL13C,1-Aug,second,8:23,F,YYPi,43,150,1,SL13CYYPi,31-May,SL3,81,95,1.6,H01,41.876
331,SL13C,1-Aug,second,8:30,M,PiLbPi,62,357,4,SL13CPiLbPi,16-Jun,SL3,202,NA,2.7,I10,NA
332,SL13C,1-Aug,second,8:31,M,DbLbDb,63,289,5,SL13CDbLbDb,29-May,IR11,185,69,2.8,G73,51.754
333,SL1B,1-Aug,second,9:08,M,RYR,36,126,1,SL1BRYR,31-May,SL12,172,99,3.6,H04,52.509
334,SL1B,1-Aug,second,9:14,M,DbLbLb,37,301,3,SL1BDbLbLb,24-May,SL3,NA,46,3,G41,52.039
335,SL1B,1-Aug,second,9:16,M,PRP,48,111,2,SL1BPRP,24-May,SL3,150,34,2.8,G36,51.015
336,SL1B,1-Aug,second,9:20,M,YLbY,25,99,13,SL1BYLbY,31-May,SL12,213,98,3.1,H03,52.678
337,SL1B,1-Aug,second,9:20,F,RRR,25,49,9,SL1BRRR,31-May,SL12,80,97,2.4,H02,45.158
338,SL1B,1-Aug,second,9:27,F,PiPiPi,40,35,8,SL1BPiPiPi,29-May,IR11,0,77,2,G90,44.297
339,SL1B,1-Aug,second,9:35,M,DbRDb,23,90,3,SL1BDbRDb,24-May,SL3,NA,47,2.7,G48,50.924
340,SL13C,1-Aug,second,10:36,M,DbPDb,37,41,13,SL13CDbPDb,2-Jun,SL12,385,102,3.6,H08,54.604
341,SL13C,1-Aug,second,10:43,M,PDbP,31,316,2,SL13CPDbP,2-Jun,SL12,391,104,3.3,H06,52.617
342,SL13C,1-Aug,second,10:45,M,PiPP,52,321,1,SL13CPiPP,30-May,IR11,57,93,2.5,G83,49.494
343,SL13C,1-Aug,second,10:46,F,DbDbLb,52,243,8,SL13CDbDbLb,29-May,IR11,0,57,2.2,G62,44.879
344,SL13C,1-Aug,second,10:53,M,PiPiLb,59,229,3,SL13CPiPiLb,30-May,IR11,105,81,3.3,G78,52.171
345,SL13C,1-Aug,second,11:03,F,PiPiPi,26,50,3,SL13CPiPiPi,17-Jun,SL12,262,199,1.76,W50,44.096
346,SL1B,1-Aug,second,12:05,M,YLbY,24,75,6,SL1BYLbY,31-May,SL12,213,98,3.1,H03,52.678
347,SL1B,1-Aug,second,12:09,M,RYR,47,84,1,SL1BRYR,31-May,SL12,172,99,3.6,H04,52.509
348,SL1B,1-Aug,second,12:15,M,PRP,54,197,2,SL1BPRP,24-May,SL3,150,34,2.8,G36,51.015
349,SL1B,1-Aug,second,12:20,M,DbRDb,45,250,1,SL1BDbRDb,24-May,SL3,NA,47,2.7,G48,50.924
350,SL13C,1-Aug,second,14:29,M,YRY,42,95,6,SL13CYRY,29-May,IR11,213,72,2.8,G57,53.451
351,SL13C,1-Aug,second,14:32,M,PDbP,32,286,2,SL13CPDbP,2-Jun,SL12,391,104,3.3,H06,52.617
352,SL13C,1-Aug,second,15:10,M,DbYDb,56,217,1,SL13CDbYDb,29-May,IR11,83,59,2.5,G72,51.235
353,SL13C,1-Aug,second,15:24,M,DbPDb,19,64,3,SL13CDbPDb,2-Jun,SL12,385,102,3.6,H08,54.604
354,SL1B,2-Aug,second,7:40,M,YLbY,25,321,3,SL1BYLbY,31-May,SL12,213,98,3.1,H03,52.678
355,SL1B,2-Aug,second,7:42,F,RRR,25,321,4,SL1BRRR,31-May,SL12,80,97,2.4,H02,45.158
356,SL1B,2-Aug,second,7:45,M,DbLbLb,37,167,9,SL1BDbLbLb,24-May,SL3,NA,46,3,G41,52.039
357,SL1B,2-Aug,second,7:56,F,PiLbPi,18,133,1,SL1BPiLbPi,30-May,IR11,137,79,2.4,G88,45.604
358,SL1B,2-Aug,second,8:03,M,RYR,36,334,4,SL1BRYR,31-May,SL12,172,99,3.6,H04,52.509
359,SL1B,2-Aug,second,8:15,M,PRP,58,58,2,SL1BPRP,24-May,SL3,150,34,2.8,G36,51.015
360,SL1B,2-Aug,second,8:40,M,DbRDb,41,110,2,SL1BDbRDb,24-May,SL3,NA,47,2.7,G48,50.924
361,SL1B,2-Aug,second,8:44,F,PiPiPi,24,9,11,SL1BPiPiPi,29-May,IR11,0,77,2,G90,44.297
362,SL13C,2-Aug,second,9:15,F,RDgR,22,101,6,SL13CRDgR,3-Jun,IR11,43,108,2.3,H12,43.876
363,SL13C,2-Aug,second,9:21,M,DbPDb,19,61,3,SL13CDbPDb,2-Jun,SL12,385,102,3.6,H08,54.604
364,SL13C,2-Aug,second,9:34,M,PiPP,51,387,10,SL13CPiPP,30-May,IR11,57,93,2.5,G83,49.494
365,SL13C,2-Aug,second,9:50,M,PiPiLb,43,289,5,SL13CPiPiLb,30-May,IR11,105,81,3.3,G78,52.171
366,SL13C,2-Aug,second,9:56,M,PiLbPi,44,226,1,SL13CPiLbPi,16-Jun,SL3,202,NA,2.7,I10,NA
367,SL13C,2-Aug,second,9:58,F,PiPiPi,26,38,4,SL13CPiPiPi,17-Jun,SL12,262,199,1.76,W50,44.096
368,SL13C,2-Aug,second,10:11,M,PDbP,39,243,4,SL13CPDbP,2-Jun,SL12,391,104,3.3,H06,52.617
369,SL1B,2-Aug,second,10:52,M,PRP,57,131,6,SL1BPRP,24-May,SL3,150,34,2.8,G36,51.015
370,SL1B,2-Aug,second,11:02,M,YLbY,24,84,15,SL1BYLbY,31-May,SL12,213,98,3.1,H03,52.678
371,SL1B,2-Aug,second,11:03,M,DbLbLb,37,262,3,SL1BDbLbLb,24-May,SL3,NA,46,3,G41,52.039
372,SL1B,2-Aug,second,11:11,M,RYR,49,375,2,SL1BRYR,31-May,SL12,172,99,3.6,H04,52.509
373,SL1B,2-Aug,second,11:28,M,DbRDb,43,221,2,SL1BDbRDb,24-May,SL3,NA,47,2.7,G48,50.924
374,SL1B,2-Aug,second,11:28,M,RDbR,41,181,4,SL1BRDbR,30-May,IR11,32,85,2.2,G77,49.916
375,SL13C,2-Aug,second,12:24,F,RRR,7,103,3,SL13CRRR,29-May,IR11,61,68,1.8,G61,42.286
376,SL1B,2-Aug,second,14:34,F,RRR,25,15,9,SL1BRRR,31-May,SL12,80,97,2.4,H02,45.158
377,SL1B,2-Aug,second,14:35,M,DbRDb,18,190,2,SL1BDbRDb,24-May,SL3,NA,47,2.7,G48,50.924
378,SL1B,2-Aug,second,14:36,M,YLbY,24,76,12,SL1BYLbY,31-May,SL12,213,98,3.1,H03,52.678
379,SL1B,2-Aug,second,14:52,M,DbLbLb,37,155,13,SL1BDbLbLb,24-May,SL3,NA,46,3,G41,52.039
380,SL1B,6-Aug,second,8:33,M,DbDbLb,35,150,5,SL1BDbDbLb,24-May,SL3,172,41,3.4,G53,55.065
381,SL1B,6-Aug,second,8:36,M,RYR,36,165,5,SL1BRYR,31-May,SL12,172,99,3.6,H04,52.509
382,SL1B,6-Aug,second,8:51,M,DbLbLb,47,0,NA,SL1BDbLbLb,24-May,SL3,NA,46,3,G41,52.039
383,SL1B,6-Aug,second,9:17,M,PRP,52,175,10,SL1BPRP,24-May,SL3,150,34,2.8,G36,51.015
384,SL1B,6-Aug,second,9:21,M,YLbY,19,15,8,SL1BYLbY,31-May,SL12,213,98,3.1,H03,52.678
385,SL13C,6-Aug,second,10:05,M,YRY,28,105,1,SL13CYRY,29-May,IR11,213,72,2.8,G57,53.451
386,SL13C,6-Aug,second,10:10,F,RDbR,19,45,2,SL13CRDbR,2-Jun,SL12,107,101,2,H07,42.924
387,SL13C,6-Aug,second,10:15,M,PDbP,32,95,1,SL13CPDbP,2-Jun,SL12,391,104,3.3,H06,52.617
388,SL1B,6-Aug,second,11:53,M,YLbY,24,80,3,SL1BYLbY,31-May,SL12,213,98,3.1,H03,52.678
389,SL1B,6-Aug,second,12:03,F,LgLgY,53,40,24,SL1BLgLgY,3-Jun,IR11,137,109,2,H13,43.143
390,SL1B,6-Aug,second,12:04,M,DbLbLb,47,150,9,SL1BDbLbLb,24-May,SL3,NA,46,3,G41,52.039
391,SL1B,6-Aug,second,12:08,M,RDbR,57,123,3,SL1BRDbR,30-May,IR11,32,85,2.2,G77,49.916
392,SL1B,6-Aug,second,12:09,F,LbPiPi,61,55,2,SL1BLbPiPi,30-May,IR11,98,89,2.4,G95,47.813
393,SL1B,6-Aug,second,12:30,M,RYR,35,170,12,SL1BRYR,31-May,SL12,172,99,3.6,H04,52.509
394,SL13C,6-Aug,second,13:04,M,DbPDb,19,65,2,SL13CDbPDb,2-Jun,SL12,385,102,3.6,H08,54.604
395,SL13C,6-Aug,second,13:18,M,YRY,28,101,1,SL13CYRY,29-May,IR11,213,72,2.8,G57,53.451
396,SL13C,6-Aug,second,13:28,M,DbLbDb,75,236,1,SL13CDbLbDb,29-May,IR11,185,69,2.8,G73,51.754
397,SL13C,6-Aug,second,13:40,M,PiPP,56,277,1,SL13CPiPP,30-May,IR11,57,93,2.5,G83,49.494
398,SL13C,6-Aug,second,13:55,F,RDgR,32,34,19,SL13CRDgR,3-Jun,IR11,43,108,2.3,H12,43.876
399,SL13C,6-Aug,second,13:56,M,PiPiLb,30,66,2,SL13CPiPiLb,30-May,IR11,105,81,3.3,G78,52.171
400,SL1B,7-Aug,second,7:50,M,YLbY,25,335,4,SL1BYLbY,31-May,SL12,213,98,3.1,H03,52.678
401,SL1B,7-Aug,second,7:55,M,RYR,35,150,6,SL1BRYR,31-May,SL12,172,99,3.6,H04,52.509
402,SL1B,7-Aug,second,8:18,M,DbLbLb,38,0,NA,SL1BDbLbLb,24-May,SL3,NA,46,3,G41,52.039
403,SL1B,7-Aug,second,8:18,M,PRP,38,0,NA,SL1BPRP,24-May,SL3,150,34,2.8,G36,51.015
404,SL1B,7-Aug,second,8:29,M,DbRDb,40,193,2,SL1BDbRDb,24-May,SL3,NA,47,2.7,G48,50.924
405,SL1B,7-Aug,second,8:31,F,LbLbLb,24,10,11,SL1BLbLbLb,30-May,IR11,0,80,2.2,G80,45.674
406,SL1B,7-Aug,second,8:50,M,DbDbLb,61,398,2,SL1BDbDbLb,24-May,SL3,172,41,3.4,G53,55.065
407,SL13C,7-Aug,second,9:53,M,YRY,27,98,6,SL13CYRY,29-May,IR11,213,72,2.8,G57,53.451
408,SL13C,7-Aug,second,10:15,M,DbLbDb,74,268,2,SL13CDbLbDb,29-May,IR11,185,69,2.8,G73,51.754
409,SL13C,7-Aug,second,10:30,M,PDbP,39,295,1,SL13CPDbP,2-Jun,SL12,391,104,3.3,H06,52.617
410,SL13C,7-Aug,second,10:40,F,PiPiPi,10,12,1,SL13CPiPiPi,17-Jun,SL12,262,199,1.76,W50,44.096
411,SL13C,7-Aug,second,10:42,M,DbPDb,19,44,2,SL13CDbPDb,2-Jun,SL12,385,102,3.6,H08,54.604
412,SL1B,7-Aug,second,11:16,M,YLbY,39,471,5,SL1BYLbY,31-May,SL12,213,98,3.1,H03,52.678
413,SL1B,7-Aug,second,11:20,M,RYR,36,241,9,SL1BRYR,31-May,SL12,172,99,3.6,H04,52.509
414,SL1B,7-Aug,second,11:26,F,PiPiPi,24,13,13,SL1BPiPiPi,29-May,IR11,0,77,2,G90,44.297
415,SL1B,7-Aug,second,11:43,M,DbDbLb,61,252,7,SL1BDbDbLb,24-May,SL3,172,41,3.4,G53,55.065
416,SL1B,7-Aug,second,11:57,M,PRP,47,88,5,SL1BPRP,24-May,SL3,150,34,2.8,G36,51.015
417,SL1B,7-Aug,second,12:00,M,DbLbLb,47,4,3,SL1BDbLbLb,24-May,SL3,NA,46,3,G41,52.039
418,SL1B,7-Aug,second,12:08,M,DbRDb,3,177,1,SL1BDbRDb,24-May,SL3,NA,47,2.7,G48,50.924
419,SL13C,7-Aug,second,13:13,M,PiPP,54,211,2,SL13CPiPP,30-May,IR11,57,93,2.5,G83,49.494
420,SL13C,7-Aug,second,13:20,F,YYR,74,319,1,SL13CYYR,29-May,IR11,215,67,2.2,G74,47.282
421,SL13C,8-Aug,second,7:30,M,DbPDb,19,149,2,SL13CDbPDb,2-Jun,SL12,385,102,3.6,H08,54.604
422,SL13C,8-Aug,second,7:31,F,PiPiPi,25,196,1,SL13CPiPiPi,17-Jun,SL12,262,199,1.76,W50,44.096
423,SL13C,8-Aug,second,7:36,F,LbYLb,22,142,4,SL13CLbYLb,28-May,SL12,129,56,1.8,G69,42.368
424,SL13C,8-Aug,second,8:07,M,PiPP,51,384,14,SL13CPiPP,30-May,IR11,57,93,2.5,G83,49.494
425,SL13C,8-Aug,second,8:09,M,PDbP,32,226,11,SL13CPDbP,2-Jun,SL12,391,104,3.3,H06,52.617
426,SL13C,8-Aug,second,8:22,M,YRY,11,235,1,SL13CYRY,29-May,IR11,213,72,2.8,G57,53.451
427,SL13C,8-Aug,second,8:25,F,YYPi,42,28,13,SL13CYYPi,31-May,SL3,81,95,1.6,H01,41.876
428,SL1B,8-Aug,second,9:02,F,PiPiPi,25,410,1,SL1BPiPiPi,29-May,IR11,0,77,2,G90,44.297
429,SL1B,8-Aug,second,9:17,F,LgLgY,53,316,3,SL1BLgLgY,3-Jun,IR11,137,109,2,H13,43.143
430,SL1B,8-Aug,second,9:19,M,PRP,57,228,7,SL1BPRP,24-May,SL3,150,34,2.8,G36,51.015
431,SL1B,8-Aug,second,9:24,M,DbLbLb,47,0,NA,SL1BDbLbLb,24-May,SL3,NA,46,3,G41,52.039
432,SL1B,8-Aug,second,9:27,M,YLbY,26,60,8,SL1BYLbY,31-May,SL12,213,98,3.1,H03,52.678
433,SL1B,8-Aug,second,9:51,M,DbDbLb,53,246,2,SL1BDbDbLb,24-May,SL3,172,41,3.4,G53,55.065
434,SL13C,8-Aug,second,10:33,M,DbPDb,37,103,1,SL13CDbPDb,2-Jun,SL12,385,102,3.6,H08,54.604
435,SL13C,8-Aug,second,10:46,M,PDbP,32,84,7,SL13CPDbP,2-Jun,SL12,391,104,3.3,H06,52.617
436,SL13C,8-Aug,second,11:19,M,YRY,25,76,1,SL13CYRY,29-May,IR11,213,72,2.8,G57,53.451
437,SL1B,9-Aug,second,11:20,M,YLbY,39,237,4,SL1BYLbY,31-May,SL12,213,98,3.1,H03,52.678
438,SL1B,9-Aug,second,11:21,M,DbRDb,39,250,1,SL1BDbRDb,24-May,SL3,NA,47,2.7,G48,50.924
439,SL1B,9-Aug,second,11:25,M,PRP,46,190,2,SL1BPRP,24-May,SL3,150,34,2.8,G36,51.015
440,SL1B,9-Aug,second,11:30,F,LgLgY,46,235,1,SL1BLgLgY,3-Jun,IR11,137,109,2,H13,43.143
441,SL1B,9-Aug,second,11:30,M,DbDbLb,53,88,16,SL1BDbDbLb,24-May,SL3,172,41,3.4,G53,55.065
442,SL1B,9-Aug,second,11:33,M,DbLbLb,47,244,6,SL1BDbLbLb,24-May,SL3,NA,46,3,G41,52.039
443,SL1B,9-Aug,second,12:07,M,RYR,51,360,3,SL1BRYR,31-May,SL12,172,99,3.6,H04,52.509
444,SL13C,9-Aug,second,12:48,F,YYY,74,284,1,SL13CYYY,17-Jun,SL12,115,NA,2.7,I23,NA
445,SL13C,9-Aug,second,12:57,M,YRY,23,212,2,SL13CYRY,29-May,IR11,213,72,2.8,G57,53.451
446,SL13C,9-Aug,second,13:01,F,PiYPi,57,125,2,SL13CPiYPi,30-May,IR11,13,82,2.2,G79,46.307
447,SL13C,9-Aug,second,13:15,M,DbPDb,19,155,5,SL13CDbPDb,2-Jun,SL12,385,102,3.6,H08,54.604
448,SL1B,9-Aug,second,13:54,M,YLbY,25,49,7,SL1BYLbY,31-May,SL12,213,98,3.1,H03,52.678
449,SL1B,9-Aug,second,13:55,F,PiPiPi,25,0,NA,SL1BPiPiPi,29-May,IR11,0,77,2,G90,44.297
450,SL1B,9-Aug,second,13:55,F,RRR,25,16,13,SL1BRRR,31-May,SL12,80,97,2.4,H02,45.158
451,SL1B,9-Aug,second,14:04,M,DbLbLb,48,87,2,SL1BDbLbLb,24-May,SL3,NA,46,3,G41,52.039
452,SL1B,9-Aug,second,14:18,M,DbDbLb,52,279,4,SL1BDbDbLb,24-May,SL3,172,41,3.4,G53,55.065
453,SL1B,9-Aug,second,14:28,M,PRP,46,113,3,SL1BPRP,24-May,SL3,150,34,2.8,G36,51.015
454,SL13C,9-Aug,second,15:33,F,DbDbLb,54,145,9,SL13CDbDbLb,29-May,IR11,0,57,2.2,G62,44.879
455,SL13C,10-Aug,second,7:42,M,PDbP,30,276,10,SL13CPDbP,2-Jun,SL12,391,104,3.3,H06,52.617
456,SL13C,10-Aug,second,7:44,F,RRR,12,120,5,SL13CRRR,29-May,IR11,61,68,1.8,G61,42.286
457,SL13C,10-Aug,second,7:50,M,PiPP,39,253,4,SL13CPiPP,30-May,IR11,57,93,2.5,G83,49.494
458,SL13C,10-Aug,second,8:01,M,PiPiLb,47,235,1,SL13CPiPiLb,30-May,IR11,105,81,3.3,G78,52.171
459,SL13C,10-Aug,second,8:13,M,YRY,28,323,2,SL13CYRY,29-May,IR11,213,72,2.8,G57,53.451
460,SL1B,10-Aug,second,9:14,F,RRR,25,60,13,SL1BRRR,31-May,SL12,80,97,2.4,H02,45.158
461,SL1B,10-Aug,second,9:15,M,YLbY,40,54,3,SL1BYLbY,31-May,SL12,213,98,3.1,H03,52.678
462,SL1B,10-Aug,second,9:18,M,DbDbLb,48,14,7,SL1BDbDbLb,24-May,SL3,172,41,3.4,G53,55.065
463,SL1B,10-Aug,second,9:18,M,PRP,48,7,1,SL1BPRP,24-May,SL3,150,34,2.8,G36,51.015
464,SL1B,10-Aug,second,9:44,M,DbLbLb,53,3,1,SL1BDbLbLb,24-May,SL3,NA,46,3,G41,52.039
465,SL13C,10-Aug,second,10:33,F,PiPiPi,26,227,1,SL13CPiPiPi,17-Jun,SL12,262,199,1.76,W50,44.096
466,SL13C,10-Aug,second,10:50,M,DbYDb,57,240,1,SL13CDbYDb,29-May,IR11,83,59,2.5,G72,51.235
467,SL13C,10-Aug,second,10:55,F,YYY,72,217,3,SL13CYYY,17-Jun,SL12,115,NA,2.7,I23,NA
468,SL13C,10-Aug,second,11:10,M,YRY,24,85,1,SL13CYRY,29-May,IR11,213,72,2.8,G57,53.451
469,SL13C,10-Aug,second,11:11,F,LbYLb,30,35,1,SL13CLbYLb,28-May,SL12,129,56,1.8,G69,42.368
470,SL13C,10-Aug,second,11:18,M,DbPDb,34,81,1,SL13CDbPDb,2-Jun,SL12,385,102,3.6,H08,54.604
471,SL1B,10-Aug,second,11:59,M,YLbY,25,79,12,SL1BYLbY,31-May,SL12,213,98,3.1,H03,52.678
472,SL1B,10-Aug,second,12:12,M,RYR,49,177,6,SL1BRYR,31-May,SL12,172,99,3.6,H04,52.509
473,SL1B,10-Aug,second,12:12,F,PiPiPi,25,0,NA,SL1BPiPiPi,29-May,IR11,0,77,2,G90,44.297
474,SL1B,10-Aug,second,12:18,F,LgLgY,47,13,1,SL1BLgLgY,3-Jun,IR11,137,109,2,H13,43.143
475,SL1B,10-Aug,second,12:19,M,PRP,47,132,9,SL1BPRP,24-May,SL3,150,34,2.8,G36,51.015
476,SL1B,10-Aug,second,12:38,M,DbLbLb,48,56,1,SL1BDbLbLb,24-May,SL3,NA,46,3,G41,52.039
477,SL1B,10-Aug,second,12:40,M,DbDbLb,53,229,10,SL1BDbDbLb,24-May,SL3,172,41,3.4,G53,55.065
478,SL1B,10-Aug,second,12:47,F,RRR,19,14,3,SL1BRRR,31-May,SL12,80,97,2.4,H02,45.158
479,SL1B,10-Aug,second,12:48,F,LbLbLb,25,127,3,SL1BLbLbLb,30-May,IR11,0,80,2.2,G80,45.674
480,SL13C,10-Aug,second,13:27,M,PDbP,20,107,2,SL13CPDbP,2-Jun,SL12,391,104,3.3,H06,52.617
481,SL13C,10-Aug,second,13:47,M,DbYDb,57,256,1,SL13CDbYDb,29-May,IR11,83,59,2.5,G72,51.235
482,SL1B,11-Aug,second,7:44,M,YLbY,25,253,9,SL1BYLbY,31-May,SL12,213,98,3.1,H03,52.678
483,SL1B,11-Aug,second,7:50,M,DbRDb,41,175,3,SL1BDbRDb,24-May,SL3,NA,47,2.7,G48,50.924
484,SL1B,11-Aug,second,7:52,F,PiPiPi,25,272,1,SL1BPiPiPi,29-May,IR11,0,77,2,G90,44.297
485,SL1B,11-Aug,second,8:07,F,RRR,25,135,3,SL1BRRR,31-May,SL12,80,97,2.4,H02,45.158
486,SL1B,11-Aug,second,8:12,F,LbLbLb,39,136,1,SL1BLbLbLb,30-May,IR11,0,80,2.2,G80,45.674
487,SL1B,11-Aug,second,8:30,M,RDbR,60,175,2,SL1BRDbR,30-May,IR11,32,85,2.2,G77,49.916
488,SL1B,11-Aug,second,8:53,M,DbDbLb,47,81,20,SL1BDbDbLb,24-May,SL3,172,41,3.4,G53,55.065
489,SL1B,11-Aug,second,8:55,M,DbLbLb,47,10,8,SL1BDbLbLb,24-May,SL3,NA,46,3,G41,52.039
490,SL1B,11-Aug,second,9:01,M,PRP,46,203,4,SL1BPRP,24-May,SL3,150,34,2.8,G36,51.015
491,SL1B,11-Aug,second,9:15,M,RYR,50,347,1,SL1BRYR,31-May,SL12,172,99,3.6,H04,52.509
492,SL13C,11-Aug,second,10:02,M,PDbP,20,272,10,SL13CPDbP,2-Jun,SL12,391,104,3.3,H06,52.617
493,SL13C,11-Aug,second,10:07,F,PiPiPi,24,249,3,SL13CPiPiPi,17-Jun,SL12,262,199,1.76,W50,44.096
494,SL13C,11-Aug,second,10:07,M,YRY,11,278,1,SL13CYRY,29-May,IR11,213,72,2.8,G57,53.451
495,SL13C,11-Aug,second,10:10,F,RDbR,19,143,1,SL13CRDbR,2-Jun,SL12,107,101,2,H07,42.924
496,SL13C,11-Aug,second,10:26,F,RDgR,32,11,5,SL13CRDgR,3-Jun,IR11,43,108,2.3,H12,43.876
497,SL13C,11-Aug,second,10:48,M,PiPP,55,390,1,SL13CPiPP,30-May,IR11,57,93,2.5,G83,49.494
498,SL13C,11-Aug,second,10:53,M,DbYDb,56,278,1,SL13CDbYDb,29-May,IR11,83,59,2.5,G72,51.235
499,SL13C,11-Aug,second,11:00,M,DbPDb,34,73,1,SL13CDbPDb,2-Jun,SL12,385,102,3.6,H08,54.604
500,SL13C,11-Aug,second,12:40,M,DbPDb,37,124,1,SL13CDbPDb,2-Jun,SL12,385,102,3.6,H08,54.604
501,SL13C,11-Aug,second,12:43,M,PiPP,52,207,1,SL13CPiPP,30-May,IR11,57,93,2.5,G83,49.494
502,SL13C,11-Aug,second,12:50,M,DbYDb,49,80,2,SL13CDbYDb,29-May,IR11,83,59,2.5,G72,51.235
503,SL13C,11-Aug,second,13:05,M,DbLbDb,63,75,10,SL13CDbLbDb,29-May,IR11,185,69,2.8,G73,51.754
504,SL13C,11-Aug,second,13:11,M,PiPiLb,42,35,15,SL13CPiPiLb,30-May,IR11,105,81,3.3,G78,52.171
505,SL13C,11-Aug,second,13:19,F,PiPiPi,23,0,NA,SL13CPiPiPi,17-Jun,SL12,262,199,1.76,W50,44.096
506,SL13C,11-Aug,second,13:19,M,YRY,23,210,2,SL13CYRY,29-May,IR11,213,72,2.8,G57,53.451
507,SL1B,13-Aug,second,8:03,M,RYR,49,198,5,SL1BRYR,31-May,SL12,172,99,3.6,H04,52.509
508,SL1B,13-Aug,second,8:18,M,YLbY,25,38,5,SL1BYLbY,31-May,SL12,213,98,3.1,H03,52.678
509,SL1B,13-Aug,second,8:30,F,PiPiPi,25,274,2,SL1BPiPiPi,29-May,IR11,0,77,2,G90,44.297
510,SL1B,13-Aug,second,8:38,M,DbLbLb,47,35,18,SL1BDbLbLb,24-May,SL3,NA,46,3,G41,52.039
511,SL1B,13-Aug,second,8:39,M,PRP,47,35,18,SL1BPRP,24-May,SL3,150,34,2.8,G36,51.015
512,SL1B,13-Aug,second,8:42,F,LgLgY,55,296,1,SL1BLgLgY,3-Jun,IR11,137,109,2,H13,43.143
513,SL13C,13-Aug,second,10:29,F,YYPi,43,92,3,SL13CYYPi,31-May,SL3,81,95,1.6,H01,41.876
514,SL1B,13-Aug,second,11:02,M,YLbY,25,54,14,SL1BYLbY,31-May,SL12,213,98,3.1,H03,52.678
515,SL1B,13-Aug,second,11:06,M,DbLbLb,47,34,20,SL1BDbLbLb,24-May,SL3,NA,46,3,G41,52.039
516,SL1B,13-Aug,second,11:06,M,PRP,47,175,8,SL1BPRP,24-May,SL3,150,34,2.8,G36,51.015
517,SL1B,13-Aug,second,11:21,M,RYR,49,201,1,SL1BRYR,31-May,SL12,172,99,3.6,H04,52.509
518,SL1B,13-Aug,second,11:30,M,DbDbLb,56,364,10,SL1BDbDbLb,24-May,SL3,172,41,3.4,G53,55.065
519,SL13C,13-Aug,second,12:40,M,PiPP,33,138,1,SL13CPiPP,30-May,IR11,57,93,2.5,G83,49.494
520,SL13C,13-Aug,second,12:47,F,YYY,72,210,4,SL13CYYY,17-Jun,SL12,115,NA,2.7,I23,NA
521,SL13C,13-Aug,second,13:05,M,YRY,28,267,1,SL13CYRY,29-May,IR11,213,72,2.8,G57,53.451
522,SL13C,13-Aug,second,13:23,F,RRR,24,0,NA,SL13CRRR,29-May,IR11,61,68,1.8,G61,42.286
523,SL13C,13-Aug,second,13:33,M,DbPDb,39,104,2,SL13CDbPDb,2-Jun,SL12,385,102,3.6,H08,54.604
524,SL13C,13-Aug,second,13:43,F,LbYLb,14,104,2,SL13CLbYLb,28-May,SL12,129,56,1.8,G69,42.368
525,SL13C,13-Aug,second,13:45,M,PiPP,22,62,4,SL13CPiPP,30-May,IR11,57,93,2.5,G83,49.494
526,SL13C,13-Aug,second,13:50,M,PDbP,13,103,2,SL13CPDbP,2-Jun,SL12,391,104,3.3,H06,52.617
527,SL13C,14-Aug,second,8:03,M,PDbP,23,232,2,SL13CPDbP,2-Jun,SL12,391,104,3.3,H06,52.617
528,SL13C,14-Aug,second,8:09,M,PiPiLb,47,260,4,SL13CPiPiLb,30-May,IR11,105,81,3.3,G78,52.171
529,SL13C,14-Aug,second,8:13,M,DbYDb,48,319,1,SL13CDbYDb,29-May,IR11,83,59,2.5,G72,51.235
530,SL13C,14-Aug,second,8:24,M,PiPP,51,360,1,SL13CPiPP,30-May,IR11,57,93,2.5,G83,49.494
531,SL13C,14-Aug,second,8:34,F,YYY,74,264,1,SL13CYYY,17-Jun,SL12,115,NA,2.7,I23,NA
532,SL13C,14-Aug,second,8:42,M,DbLbDb,65,336,2,SL13CDbLbDb,29-May,IR11,185,69,2.8,G73,51.754
533,SL13C,14-Aug,second,8:51,F,RDgR,23,303,5,SL13CRDgR,3-Jun,IR11,43,108,2.3,H12,43.876
534,SL13C,14-Aug,second,10:05,F,PiPiPi,28,245,3,SL13CPiPiPi,17-Jun,SL12,262,199,1.76,W50,44.096
535,SL13C,14-Aug,second,10:30,F,RRR,11,201,3,SL13CRRR,29-May,IR11,61,68,1.8,G61,42.286
536,SL13C,14-Aug,second,10:35,F,RDgR,32,79,3,SL13CRDgR,3-Jun,IR11,43,108,2.3,H12,43.876
537,SL13C,14-Aug,second,11:02,M,PiPP,31,87,3,SL13CPiPP,30-May,IR11,57,93,2.5,G83,49.494
538,SL13C,14-Aug,second,11:05,M,PiPiLb,42,172,13,SL13CPiPiLb,30-May,IR11,105,81,3.3,G78,52.171
539,SL13C,14-Aug,second,11:10,F,PiYPi,57,184,6,SL13CPiYPi,30-May,IR11,13,82,2.2,G79,46.307
540,SL13C,14-Aug,second,11:16,M,DbPDb,19,72,2,SL13CDbPDb,2-Jun,SL12,385,102,3.6,H08,54.604
541,SL13C,14-Aug,second,13:44,F,RDbR,34,244,1,SL13CRDbR,2-Jun,SL12,107,101,2,H07,42.924
542,SL13C,14-Aug,second,14:10,M,PiPP,50,123,4,SL13CPiPP,30-May,IR11,57,93,2.5,G83,49.494
543,SL13C,14-Aug,second,14:17,F,RDgR,20,300,1,SL13CRDgR,3-Jun,IR11,43,108,2.3,H12,43.876
544,SL13C,14-Aug,second,14:37,M,YRY,23,210,2,SL13CYRY,29-May,IR11,213,72,2.8,G57,53.451
545,SL1B,15-Aug,second,8:02,F,LgLgY,54,172,3,SL1BLgLgY,3-Jun,IR11,137,109,2,H13,43.143
546,SL1B,15-Aug,second,8:03,M,PRP,54,172,3,SL1BPRP,24-May,SL3,150,34,2.8,G36,51.015
547,SL1B,15-Aug,second,8:04,M,DbLbLb,47,0,NA,SL1BDbLbLb,24-May,SL3,NA,46,3,G41,52.039
548,SL1B,15-Aug,second,8:07,M,RYR,49,197,3,SL1BRYR,31-May,SL12,172,99,3.6,H04,52.509
549,SL1B,15-Aug,second,8:07,M,PiPiY,49,197,3,SL1BPiPiY,30-May,IR11,0,83,2,G92,43.826
550,SL1B,15-Aug,second,8:23,M,YLbY,24,306,1,SL1BYLbY,31-May,SL12,213,98,3.1,H03,52.678
551,SL1B,15-Aug,second,8:28,F,PiPiPi,24,309,4,SL1BPiPiPi,29-May,IR11,0,77,2,G90,44.297
552,SL1B,15-Aug,second,8:35,M,DbRDb,40,204,1,SL1BDbRDb,24-May,SL3,NA,47,2.7,G48,50.924
553,SL1B,15-Aug,second,8:39,M,DbDbLb,52,160,10,SL1BDbDbLb,24-May,SL3,172,41,3.4,G53,55.065
554,SL1B,15-Aug,second,8:40,F,LbLbLb,40,15,2,SL1BLbLbLb,30-May,IR11,0,80,2.2,G80,45.674
555,SL13C,15-Aug,second,9:36,M,DbPDb,19,59,1,SL13CDbPDb,2-Jun,SL12,385,102,3.6,H08,54.604
556,SL13C,15-Aug,second,9:52,F,YYY,72,220,2,SL13CYYY,17-Jun,SL12,115,NA,2.7,I23,NA
557,SL13C,15-Aug,second,10:02,F,RDgR,31,91,15,SL13CRDgR,3-Jun,IR11,43,108,2.3,H12,43.876
558,SL13C,15-Aug,second,10:18,M,YRY,28,173,3,SL13CYRY,29-May,IR11,213,72,2.8,G57,53.451
559,SL13C,15-Aug,second,12:18,F,RDbR,18,251,1,SL13CRDbR,2-Jun,SL12,107,101,2,H07,42.924
560,SL13C,15-Aug,second,12:28,M,DbLbDb,73,264,2,SL13CDbLbDb,29-May,IR11,185,69,2.8,G73,51.754
561,SL13C,15-Aug,second,12:28,F,YYY,73,264,2,SL13CYYY,17-Jun,SL12,115,NA,2.7,I23,NA
562,SL13C,15-Aug,second,12:38,F,DbPiDb,22,227,1,SL13CDbPiDb,16-Jun,SL3,162,NA,1.9,I11,NA
563,SL13C,15-Aug,second,12:38,M,PDbP,22,227,1,SL13CPDbP,2-Jun,SL12,391,104,3.3,H06,52.617
564,SL13C,15-Aug,second,12:57,M,YRY,28,173,3,SL13CYRY,29-May,IR11,213,72,2.8,G57,53.451
565,SL1B,15-Aug,second,13:47,M,YLbY,24,68,5,SL1BYLbY,31-May,SL12,213,98,3.1,H03,52.678
566,SL1B,15-Aug,second,13:59,F,LbPiPi,57,170,4,SL1BLbPiPi,30-May,IR11,98,89,2.4,G95,47.813
567,SL1B,15-Aug,second,14:05,M,DbLbLb,52,353,1,SL1BDbLbLb,24-May,SL3,NA,46,3,G41,52.039
568,SL1B,15-Aug,second,14:10,M,PRP,46,270,2,SL1BPRP,24-May,SL3,150,34,2.8,G36,51.015
569,SL1B,15-Aug,second,14:18,F,RRR,24,36,7,SL1BRRR,31-May,SL12,80,97,2.4,H02,45.158
570,SL13C,15-Aug,second,15:16,F,YYY,74,150,7,SL13CYYY,17-Jun,SL12,115,NA,2.7,I23,NA
571,SL1B,12-Mar,third,9:15,F,LbLbLb,24,142,2,SL1BLbLbLb,30-May,IR11,0,80,2.2,G80,45.674
572,SL1B,12-Mar,third,9:20,F,PiPiPi,24,252,4,SL1BPiPiPi,29-May,IR11,0,77,2,G90,44.297
573,SL1B,12-Mar,third,9:40,M,PiPiY,49,392,2,SL1BPiPiY,30-May,IR11,0,83,2,G92,43.826
574,SL13C,12-Mar,third,10:45,F,PiPiPi,29,158,5,SL13CPiPiPi,17-Jun,SL12,262,199,1.76,W50,44.096
575,SL13C,12-Mar,third,11:55,M,PiDbPi,35,85,9,SL13CPiDbPi,9-Mar,SL13C,NA,206,2.19,W42,48.052
576,SL13C,12-Mar,third,12:10,F,PiPiPi,28,230,8,SL13CPiPiPi,17-Jun,SL12,262,199,1.76,W50,44.096
577,SL13C,12-Mar,third,12:43,F,RDbR,34,130,2,SL13CRDbR,2-Jun,SL12,107,101,2,H07,42.924
578,SL13C,12-Mar,third,12:48,M,DbLbDb,76,50,22,SL13CDbLbDb,29-May,IR11,185,69,2.8,G73,51.754
579,SL13C,12-Mar,third,12:57,M,PiPiLb,25,107,2,SL13CPiPiLb,30-May,IR11,105,81,3.3,G78,52.171
580,SL1B,12-Mar,third,13:37,M,PiYPi,32,160,1,SL1BPiYPi,9-Mar,SL1B,NA,300,2.74,W46,50.08
581,SL13C,13-Mar,third,8:59,M,DbLbDb,74,294,2,SL13CDbLbDb,29-May,IR11,185,69,2.8,G73,51.754
582,SL13C,13-Mar,third,9:17,M,PiDbPi,50,47,2,SL13CPiDbPi,9-Mar,SL13C,NA,206,2.19,W42,48.052
583,SL13C,13-Mar,third,9:23,M,DbYDb,49,125,3,SL13CDbYDb,29-May,IR11,83,59,2.5,G72,51.235
584,SL13C,13-Mar,third,9:25,F,LbLbLb,49,190,1,SL13CLbLbLb,13-Mar,SL13C,NA,215,1.08,W57,36.654
585,SL13C,13-Mar,third,9:43,M,PiPPi,57,200,3,SL13CPiPPi,8-Mar,SL13C,NA,202,2.77,W39,51.189
586,SL13C,13-Mar,third,9:50,F,RDbR,19,103,2,SL13CRDbR,2-Jun,SL12,107,101,2,H07,42.924
587,SL13C,13-Mar,third,9:56,F,YYPi,43,157,5,SL13CYYPi,31-May,SL3,81,95,1.6,H01,41.876
588,SL1B,13-Mar,third,10:45,F,PiPPi,40,253,2,SL1BPiPPi,13-Mar,SL1B,NA,304,1.17,W56,38.572
589,SL1B,13-Mar,third,10:46,M,PPPi,44,267,2,SL1BPPPi,9-Mar,SL1B,NA,301,2.47,W47,47.997
590,SL13C,13-Mar,third,12:45,M,BWB,36,240,2,SL13CBWB,9-Mar,SL13C,NA,205,2.02,W41,44.476
591,SL13C,13-Mar,third,12:46,F,RDbR,19,80,1,SL13CRDbR,2-Jun,SL12,107,101,2,H07,42.924
592,SL13C,13-Mar,third,12:56,F,PiPiPi,28,250,2,SL13CPiPiPi,17-Jun,SL12,262,199,1.76,W50,44.096
593,SL13C,13-Mar,third,12:58,F,WWW,25,221,1,SL13CWWW,8-Mar,SL13C,NA,204,0.9,NA,34.226
594,SL13C,13-Mar,third,13:20,M,DbYDb,50,238,2,SL13CDbYDb,29-May,IR11,83,59,2.5,G72,51.235
595,SL13C,13-Mar,third,13:27,M,DbLbDb,71,358,4,SL13CDbLbDb,29-May,IR11,185,69,2.8,G73,51.754
596,SL13C,13-Mar,third,13:30,M,PiDbPi,50,313,7,SL13CPiDbPi,9-Mar,SL13C,NA,206,2.19,W42,48.052
597,SL13C,13-Mar,third,13:44,M,PiPiLb,29,177,1,SL13CPiPiLb,30-May,IR11,105,81,3.3,G78,52.171
598,SL13C,14-Mar,third,9:37,F,RDbR,19,247,1,SL13CRDbR,2-Jun,SL12,107,101,2,H07,42.924
599,SL13C,14-Mar,third,9:57,M,PDbP,32,118,8,SL13CPDbP,2-Jun,SL12,391,104,3.3,H06,52.617
600,SL13C,14-Mar,third,10:07,M,PiDbPi,50,89,5,SL13CPiDbPi,9-Mar,SL13C,NA,206,2.19,W42,48.052
601,SL13C,14-Mar,third,10:22,F,PPiP,57,25,10,SL13CPPiP,11-Mar,SL13C,NA,211,1.21,W51,37.378
602,SL1B,14-Mar,third,11:14,F,LbLbLb,24,216,1,SL1BLbLbLb,30-May,IR11,0,80,2.2,G80,45.674
603,SL1B,14-Mar,third,11:16,M,PPPi,44,308,1,SL1BPPPi,9-Mar,SL1B,NA,301,2.47,W47,47.997
604,SL1B,14-Mar,third,11:35,M,PRP,47,280,2,SL1BPRP,24-May,SL3,150,34,2.8,G36,51.015
605,SL13C,14-Mar,third,12:42,M,PiPiDb,22,36,6,SL13CPiPiDb,8-Mar,SL13C,NA,203,1.79,W40,43.326
606,SL13C,14-Mar,third,13:05,F,YDbY,57,71,2,SL13CYDbY,14-Mar,SL13C,NA,216,1.34,W58,39.426
607,SL13C,14-Mar,third,13:10,M,PiDbPi,55,154,22,SL13CPiDbPi,9-Mar,SL13C,NA,206,2.19,W42,48.052
608,SL13C,14-Mar,third,13:24,F,YYR,63,0,NA,SL13CYYR,29-May,IR11,215,67,2.2,G74,47.282
609,SL13C,14-Mar,third,13:31,M,DbLbDb,74,240,2,SL13CDbLbDb,29-May,IR11,185,69,2.8,G73,51.754
610,SL13C,14-Mar,third,13:43,M,PiPiP,29,214,2,SL13CPiPiP,9-Mar,SL13C,NA,208,2.71,W44,51.359
611,SL13C,14-Mar,third,13:50,M,PDbP,30,242,3,SL13CPDbP,2-Jun,SL12,391,104,3.3,H06,52.617
612,SL1B,14-Mar,third,14:42,M,PRP,46,188,3,SL1BPRP,24-May,SL3,150,34,2.8,G36,51.015
613,SL1B,15-Mar,third,9:39,F,LbLbLb,24,110,2,SL1BLbLbLb,30-May,IR11,0,80,2.2,G80,45.674
614,SL1B,15-Mar,third,10:03,M,DbDbLb,57,290,2,SL1BDbDbLb,24-May,SL3,172,41,3.4,G53,55.065
615,SL1B,15-Mar,third,10:20,M,PiYPi,32,204,2,SL1BPiYPi,9-Mar,SL1B,NA,300,2.74,W46,50.08
616,SL1B,15-Mar,third,10:27,M,PPPi,44,315,1,SL1BPPPi,9-Mar,SL1B,NA,301,2.47,W47,47.997
617,SL13C,15-Mar,third,11:02,F,RDbR,19,234,1,SL13CRDbR,2-Jun,SL12,107,101,2,H07,42.924
618,SL13C,15-Mar,third,11:06,M,PPDg,31,25,2,SL13CPPDg,10-Mar,SL13C,NA,210,1.73,W49,42.964
619,SL13C,15-Mar,third,11:08,M,BWB,50,10,8,SL13CBWB,9-Mar,SL13C,NA,205,2.02,W41,44.476
620,SL13C,15-Mar,third,11:19,M,PiPiP,48,302,2,SL13CPiPiP,9-Mar,SL13C,NA,208,2.71,W44,51.359
621,SL13C,15-Mar,third,11:29,M,PiPPi,56,282,1,SL13CPiPPi,8-Mar,SL13C,NA,202,2.77,W39,51.189
622,SL13C,15-Mar,third,11:30,M,DbYDb,50,9,8,SL13CDbYDb,29-May,IR11,83,59,2.5,G72,51.235
623,SL13C,15-Mar,third,11:36,M,PiPiLb,43,139,10,SL13CPiPiLb,30-May,IR11,105,81,3.3,G78,52.171
624,SL13C,16-Mar,third,11:38,M,PDbP,32,78,2,SL13CPDbP,2-Jun,SL12,391,104,3.3,H06,52.617
625,SL13C,16-Mar,third,11:50,M,PiDbPi,51,39,9,SL13CPiDbPi,9-Mar,SL13C,NA,206,2.19,W42,48.052
626,SL13C,16-Mar,third,11:55,F,DbLgDb,57,143,1,SL13CDbLgDb,11-Mar,SL13C,NA,212,1.38,W52,39.759
627,SL13C,16-Mar,third,12:03,M,LbLbPi,62,342,5,SL13CLbLbPi,8-Mar,SL13C,NA,201,3.17,W38,51.466
628,SL13C,16-Mar,third,12:23,F,PPiP,57,240,5,SL13CPPiP,11-Mar,SL13C,NA,211,1.21,W51,37.378
629,SL13C,16-Mar,third,12:31,F,LbYLb,32,14,1,SL13CLbYLb,28-May,SL12,129,56,1.8,G69,42.368
630,SL13C,16-Mar,third,12:32,M,PPDg,32,44,1,SL13CPPDg,10-Mar,SL13C,NA,210,1.73,W49,42.964
631,SL13C,16-Mar,third,13:41,F,LbYLb,31,24,1,SL13CLbYLb,28-May,SL12,129,56,1.8,G69,42.368
632,SL13C,16-Mar,third,13:44,M,PiPiDb,21,178,1,SL13CPiPiDb,8-Mar,SL13C,NA,203,1.79,W40,43.326
633,SL13C,16-Mar,third,13:51,F,DbDbPi,50,10,7,SL13CDbDbPi,9-Mar,SL13C,NA,207,1.31,W43,39.283
634,SL13C,16-Mar,third,14:25,M,PiDbPi,50,100,4,SL13CPiDbPi,9-Mar,SL13C,NA,206,2.19,W42,48.052
635,SL1B,17-Mar,third,11:20,F,LbLbPi,24,360,2,SL1BLbLbPi,9-Mar,SL1B,NA,302,1.37,W48,42.473
636,SL1B,17-Mar,third,11:25,F,PiPiPi,24,298,7,SL1BPiPiPi,29-May,IR11,0,77,2,G90,44.297
637,SL1B,17-Mar,third,11:32,F,LbLbLb,24,301,1,SL1BLbLbLb,30-May,IR11,0,80,2.2,G80,45.674
638,SL1B,17-Mar,third,12:10,M,DbDbLb,61,402,2,SL1BDbDbLb,24-May,SL3,172,41,3.4,G53,55.065
639,SL1B,17-Mar,third,13:10,F,DbDbDb,51,180,5,SL1BDbDbDb,17-Mar,SL1B,NA,305,1.39,W59,37.417
640,SL1B,17-Mar,third,13:28,M,PiYPi,48,424,3,SL1BPiYPi,9-Mar,SL1B,NA,300,2.74,W46,50.08
641,SL1B,17-Mar,third,13:33,M,PRP,47,234,5,SL1BPRP,24-May,SL3,150,34,2.8,G36,51.015
642,SL1B,17-Mar,third,14:00,M,PPPi,24,282,2,SL1BPPPi,9-Mar,SL1B,NA,301,2.47,W47,47.997
643,SL1B,18-Mar,third,11:40,F,PiPiPi,24,267,1,SL1BPiPiPi,29-May,IR11,0,77,2,G90,44.297
644,SL1B,18-Mar,third,11:42,M,PPPi,40,140,2,SL1BPPPi,9-Mar,SL1B,NA,301,2.47,W47,47.997
645,SL1B,18-Mar,third,11:48,M,PiYPi,48,403,3,SL1BPiYPi,9-Mar,SL1B,NA,300,2.74,W46,50.08
646,SL13C,18-Mar,third,12:30,F,LbYLb,32,20,1,SL13CLbYLb,28-May,SL12,129,56,1.8,G69,42.368
647,SL13C,18-Mar,third,12:35,M,PiDbPi,50,9,1,SL13CPiDbPi,9-Mar,SL13C,NA,206,2.19,W42,48.052
648,SL13C,18-Mar,third,12:40,M,PiPiP,48,0,NA,SL13CPiPiP,9-Mar,SL13C,NA,208,2.71,W44,51.359
649,SL13C,18-Mar,third,12:45,F,YYPi,43,278,5,SL13CYYPi,31-May,SL3,81,95,1.6,H01,41.876
650,SL13C,18-Mar,third,12:54,M,DbYDb,49,312,2,SL13CDbYDb,29-May,IR11,83,59,2.5,G72,51.235
651,SL13C,18-Mar,third,12:55,F,RDbR,19,78,2,SL13CRDbR,2-Jun,SL12,107,101,2,H07,42.924
652,SL13C,20-Mar,third,10:55,M,PiPiDb,22,31,2,SL13CPiPiDb,8-Mar,SL13C,NA,203,1.79,W40,43.326
653,SL13C,20-Mar,third,10:58,F,LbYLb,31,24,1,SL13CLbYLb,28-May,SL12,129,56,1.8,G69,42.368
654,SL13C,20-Mar,third,11:05,M,PiPPi,40,209,3,SL13CPiPPi,8-Mar,SL13C,NA,202,2.77,W39,51.189
655,SL13C,20-Mar,third,11:30,M,LbLbPi,62,260,9,SL13CLbLbPi,8-Mar,SL13C,NA,201,3.17,W38,51.466
656,SL13C,20-Mar,third,11:40,M,DbLbDb,72,212,6,SL13CDbLbDb,29-May,IR11,185,69,2.8,G73,51.754
657,SL13C,20-Mar,third,11:50,F,YYPi,28,205,7,SL13CYYPi,31-May,SL3,81,95,1.6,H01,41.876
658,SL13C,20-Mar,third,11:55,F,RDbR,19,160,4,SL13CRDbR,2-Jun,SL12,107,101,2,H07,42.924
659,SL1B,20-Mar,third,12:50,M,DbDbLb,57,350,4,SL1BDbDbLb,24-May,SL3,172,41,3.4,G53,55.065
660,SL1B,20-Mar,third,13:05,F,LbLbPi,24,371,2,SL1BLbLbPi,9-Mar,SL1B,NA,302,1.37,W48,42.473
661,SL1B,20-Mar,third,13:15,M,PPPi,24,281,2,SL1BPPPi,9-Mar,SL1B,NA,301,2.47,W47,47.997
662,SL13C,20-Mar,third,14:08,F,RDbR,19,89,3,SL13CRDbR,2-Jun,SL12,107,101,2,H07,42.924
663,SL13C,20-Mar,third,14:12,F,LbYLb,32,0,NA,SL13CLbYLb,28-May,SL12,129,56,1.8,G69,42.368
664,SL13C,20-Mar,third,14:18,M,PiDbPi,50,327,3,SL13CPiDbPi,9-Mar,SL13C,NA,206,2.19,W42,48.052
665,SL13C,20-Mar,third,14:26,M,DbLbDb,57,150,4,SL13CDbLbDb,29-May,IR11,185,69,2.8,G73,51.754
666,SL13C,20-Mar,third,14:28,F,YDbY,57,278,2,SL13CYDbY,14-Mar,SL13C,NA,216,1.34,W58,39.426
667,SL13C,20-Mar,third,14:29,M,PRP,57,87,3,SL13CPRP,11-Mar,SL13C,NA,213,1.77,W53,45.178
668,SL13C,20-Mar,third,14:45,F,YYPi,47,217,6,SL13CYYPi,31-May,SL3,81,95,1.6,H01,41.876
669,SL13C,21-Mar,third,11:50,M,PDbP,32,97,2,SL13CPDbP,2-Jun,SL12,391,104,3.3,H06,52.617
670,SL13C,21-Mar,third,11:52,M,PPDg,31,35,1,SL13CPPDg,10-Mar,SL13C,NA,210,1.73,W49,42.964
671,SL13C,21-Mar,third,11:56,F,DbRDb,32,32,1,SL13CDbRDb,21-Mar,SL13C,NA,217,1.4,W60,39.251
672,SL13C,21-Mar,third,12:03,M,DbLbDb,58,198,13,SL13CDbLbDb,29-May,IR11,185,69,2.8,G73,51.754
673,SL13C,21-Mar,third,12:20,F,PPiP,57,309,3,SL13CPPiP,11-Mar,SL13C,NA,211,1.21,W51,37.378
674,SL13C,21-Mar,third,12:35,F,LbLbLb,49,320,1,SL13CLbLbLb,13-Mar,SL13C,NA,215,1.08,W57,36.654
675,SL13C,21-Mar,third,12:35,M,DbYDb,50,400,1,SL13CDbYDb,29-May,IR11,83,59,2.5,G72,51.235
676,SL13C,21-Mar,third,12:50,M,PiPiY,11,220,6,SL13CPiPiY,8-Mar,SL13C,NA,200,2.42,W37,49.296
677,SL1B,21-Mar,third,15:55,M,PRP,46,250,4,SL1BPRP,24-May,SL3,150,34,2.8,G36,51.015
678,SL1B,21-Mar,third,16:26,M,PiPiY,35,279,2,SL1BPiPiY,30-May,IR11,0,83,2,G92,43.826
679,SL1B,22-Mar,third,14:49,M,PPPi,24,280,2,SL1BPPPi,9-Mar,SL1B,NA,301,2.47,W47,47.997
680,SL1B,22-Mar,third,14:50,F,LbLbLb,24,265,1,SL1BLbLbLb,30-May,IR11,0,80,2.2,G80,45.674
681,SL1B,22-Mar,third,15:03,M,DbDbLb,53,348,3,SL1BDbDbLb,24-May,SL3,172,41,3.4,G53,55.065
682,SL13C,22-Mar,third,15:58,M,PiPiY,23,177,2,SL13CPiPiY,8-Mar,SL13C,NA,200,2.42,W37,49.296
683,SL13C,22-Mar,third,16:03,F,LbYLb,31,345,3,SL13CLbYLb,28-May,SL12,129,56,1.8,G69,42.368
684,SL13C,22-Mar,third,16:10,M,PiDbPi,50,5,2,SL13CPiDbPi,9-Mar,SL13C,NA,206,2.19,W42,48.052
685,SL13C,22-Mar,third,16:17,M,PiPPi,65,263,3,SL13CPiPPi,8-Mar,SL13C,NA,202,2.77,W39,51.189
686,SL13C,22-Mar,third,16:19,M,DbLbDb,63,140,18,SL13CDbLbDb,29-May,IR11,185,69,2.8,G73,51.754
687,SL13C,25-Mar,third,9:45,F,LbYLb,32,120,13,SL13CLbYLb,28-May,SL12,129,56,1.8,G69,42.368
688,SL13C,25-Mar,third,9:51,F,RDbR,19,146,3,SL13CRDbR,2-Jun,SL12,107,101,2,H07,42.924
689,SL13C,25-Mar,third,9:59,M,PiDbPi,50,19,7,SL13CPiDbPi,9-Mar,SL13C,NA,206,2.19,W42,48.052
690,SL13C,25-Mar,third,10:08,M,DbYDb,49,324,1,SL13CDbYDb,29-May,IR11,83,59,2.5,G72,51.235
691,SL13C,25-Mar,third,10:25,F,DbDbPi,50,320,2,SL13CDbDbPi,9-Mar,SL13C,NA,207,1.31,W43,39.283
692,SL13C,25-Mar,third,10:25,M,PDbP,50,324,2,SL13CPDbP,2-Jun,SL12,391,104,3.3,H06,52.617
693,SL13C,25-Mar,third,10:32,F,RPiR,31,39,1,SL13CRPiR,25-Mar,SL13C,NA,218,1.14,W61,36.344
694,SL1B,25-Mar,third,12:31,M,DbDbLb,51,156,2,SL1BDbDbLb,24-May,SL3,172,41,3.4,G53,55.065
695,SL1B,25-Mar,third,12:40,F,LbLbLb,24,198,4,SL1BLbLbLb,30-May,IR11,0,80,2.2,G80,45.674
696,SL1B,25-Mar,third,12:47,M,PRP,54,298,5,SL1BPRP,24-May,SL3,150,34,2.8,G36,51.015
697,SL1B,25-Mar,third,12:58,F,DbDbDb,58,434,3,SL1BDbDbDb,17-Mar,SL1B,NA,305,1.39,W59,37.417
698,SL1B,25-Mar,third,13:20,F,PiPiPi,24,289,2,SL1BPiPiPi,29-May,IR11,0,77,2,G90,44.297
699,SL13C,25-Mar,third,14:48,F,DbDbPi,50,15,1,SL13CDbDbPi,9-Mar,SL13C,NA,207,1.31,W43,39.283
700,SL13C,25-Mar,third,14:59,M,DbYDb,49,233,2,SL13CDbYDb,29-May,IR11,83,59,2.5,G72,51.235
701,SL13C,25-Mar,third,15:00,M,DbLbDb,57,133,4,SL13CDbLbDb,29-May,IR11,185,69,2.8,G73,51.754
702,SL13C,25-Mar,third,15:02,M,PDbP,30,22,13,SL13CPDbP,2-Jun,SL12,391,104,3.3,H06,52.617
703,SL13C,25-Mar,third,15:10,F,PiPiPi,24,224,3,SL13CPiPiPi,17-Jun,SL12,262,199,1.76,W50,44.096
704,SL13C,25-Mar,third,15:18,M,LbLbPi,73,300,1,SL13CLbLbPi,8-Mar,SL13C,NA,201,3.17,W38,51.466
705,SL1B,25-Mar,third,16:11,F,PiPiPi,19,365,4,SL1BPiPiPi,29-May,IR11,0,77,2,G90,44.297
706,SL1B,26-Mar,third,10:11,F,LbLbPi,24,347,2,SL1BLbLbPi,9-Mar,SL1B,NA,302,1.37,W48,42.473
707,SL1B,26-Mar,third,10:12,M,PiYPi,49,187,10,SL1BPiYPi,9-Mar,SL1B,NA,300,2.74,W46,50.08
708,SL1B,26-Mar,third,10:15,F,PiPiPi,24,255,2,SL1BPiPiPi,29-May,IR11,0,77,2,G90,44.297
709,SL1B,26-Mar,third,10:27,M,PRP,46,181,1,SL1BPRP,24-May,SL3,150,34,2.8,G36,51.015
710,SL1B,26-Mar,third,10:37,M,DbDbLb,56,363,5,SL1BDbDbLb,24-May,SL3,172,41,3.4,G53,55.065
711,SL1B,26-Mar,third,10:49,F,PiPiDb,57,340,2,SL1BPiPiDb,11-Mar,SL1B,NA,303,1.47,W55,40.367
712,SL1B,26-Mar,third,10:57,F,LbLbLb,24,274,1,SL1BLbLbLb,30-May,IR11,0,80,2.2,G80,45.674
713,SL13C,26-Mar,third,11:40,F,LbYLb,32,19,1,SL13CLbYLb,28-May,SL12,129,56,1.8,G69,42.368
714,SL13C,26-Mar,third,11:40,M,PPDg,31,41,2,SL13CPPDg,10-Mar,SL13C,NA,210,1.73,W49,42.964
715,SL13C,26-Mar,third,11:41,F,DbRDb,22,32,3,SL13CDbRDb,21-Mar,SL13C,NA,217,1.4,W60,39.251
716,SL13C,26-Mar,third,11:49,M,PiPiP,30,220,3,SL13CPiPiP,9-Mar,SL13C,NA,208,2.71,W44,51.359
717,SL13C,26-Mar,third,11:55,F,LbLbLb,49,32,1,SL13CLbLbLb,13-Mar,SL13C,NA,215,1.08,W57,36.654
718,SL13C,26-Mar,third,12:00,M,LbLbPi,63,130,15,SL13CLbLbPi,8-Mar,SL13C,NA,201,3.17,W38,51.466
719,SL13C,26-Mar,third,12:01,M,PiPiLb,58,88,10,SL13CPiPiLb,30-May,IR11,105,81,3.3,G78,52.171
720,SL13C,26-Mar,third,12:01,F,LbRLb,62,335,4,SL13CLbRLb,26-Mar,SL13C,NA,219,1.38,W62,39.25
721,SL13C,26-Mar,third,12:15,F,YDbY,71,423,5,SL13CYDbY,14-Mar,SL13C,NA,216,1.34,W58,39.426
722,SL13C,26-Mar,third,12:24,F,WWW,11,170,1,SL13CWWW,8-Mar,SL13C,NA,204,0.9,NA,34.226
723,SL13C,26-Mar,third,12:25,M,PiPiDb,13,170,2,SL13CPiPiDb,8-Mar,SL13C,NA,203,1.79,W40,43.326
724,SL13C,26-Mar,third,13:41,M,PiPiLb,23,23,10,SL13CPiPiLb,30-May,IR11,105,81,3.3,G78,52.171
725,SL13C,26-Mar,third,13:45,M,PiPiDb,22,145,6,SL13CPiPiDb,8-Mar,SL13C,NA,203,1.79,W40,43.326
726,SL13C,26-Mar,third,13:46,M,PPDg,22,78,6,SL13CPPDg,10-Mar,SL13C,NA,210,1.73,W49,42.964
727,SL13C,26-Mar,third,13:55,F,LbYLb,21,21,3,SL13CLbYLb,28-May,SL12,129,56,1.8,G69,42.368
728,SL13C,26-Mar,third,14:12,M,DbYDb,49,31,1,SL13CDbYDb,29-May,IR11,83,59,2.5,G72,51.235
729,SL13C,26-Mar,third,14:14,M,PDbP,19,52,3,SL13CPDbP,2-Jun,SL12,391,104,3.3,H06,52.617
730,SL1B,26-Mar,third,15:08,F,YRY,25,156,3,SL1BYRY,26-Mar,SL1B,NA,306,1.14,W63,36.85
731,SL1B,26-Mar,third,15:21,F,LbLbPi,24,434,3,SL1BLbLbPi,9-Mar,SL1B,NA,302,1.37,W48,42.473
732,SL1B,26-Mar,third,15:22,F,PiPiPi,24,356,2,SL1BPiPiPi,29-May,IR11,0,77,2,G90,44.297
733,SL1B,26-Mar,third,15:32,M,PRP,46,293,2,SL1BPRP,24-May,SL3,150,34,2.8,G36,51.015
734,SL1B,26-Mar,third,15:46,M,PiPiY,51,329,2,SL1BPiPiY,30-May,IR11,0,83,2,G92,43.826
735,SL13C,26-Mar,third,16:29,M,PDbP,31,413,1,SL13CPDbP,2-Jun,SL12,391,104,3.3,H06,52.617
736,SL13C,26-Mar,third,16:40,F,PPP,50,328,1,SL13CPPP,28-Mar,SL13C,NA,220,1.2,W64,38.415
737,SL13C,26-Mar,third,16:40,M,DbYDb,50,297,1,SL13CDbYDb,29-May,IR11,83,59,2.5,G72,51.235
738,SL13C,26-Mar,third,16:59,M,PiPPi,57,70,6,SL13CPiPPi,8-Mar,SL13C,NA,202,2.77,W39,51.189
739,SL13C,27-Mar,third,10:25,M,PiPiDb,14,14,2,SL13CPiPiDb,8-Mar,SL13C,NA,203,1.79,W40,43.326
740,SL13C,27-Mar,third,10:27,M,LbLbPi,62,243,4,SL13CLbLbPi,8-Mar,SL13C,NA,201,3.17,W38,51.466
741,SL13C,27-Mar,third,10:30,M,PDbP,22,86,8,SL13CPDbP,2-Jun,SL12,391,104,3.3,H06,52.617
742,SL13C,27-Mar,third,10:40,M,PiPPi,40,17,11,SL13CPiPPi,8-Mar,SL13C,NA,202,2.77,W39,51.189
743,SL13C,27-Mar,third,10:44,F,DbDbPi,50,13,7,SL13CDbDbPi,9-Mar,SL13C,NA,207,1.31,W43,39.283
744,SL13C,27-Mar,third,10:45,M,PiDbPi,51,374,5,SL13CPiDbPi,9-Mar,SL13C,NA,206,2.19,W42,48.052
745,SL13C,27-Mar,third,10:48,F,LbLbLb,49,43,2,SL13CLbLbLb,13-Mar,SL13C,NA,215,1.08,W57,36.654
746,SL13C,27-Mar,third,10:57,F,RDbR,19,145,2,SL13CRDbR,2-Jun,SL12,107,101,2,H07,42.924
747,SL13C,28-Mar,third,10:30,F,DbDbPi,50,9,2,SL13CDbDbPi,9-Mar,SL13C,NA,207,1.31,W43,39.283
748,SL13C,28-Mar,third,10:30,M,DbYDb,50,11,5,SL13CDbYDb,29-May,IR11,83,59,2.5,G72,51.235
749,SL13C,28-Mar,third,10:30,F,PPP,40,22,11,SL13CPPP,28-Mar,SL13C,NA,220,1.2,W64,38.415
750,SL13C,28-Mar,third,10:35,F,LbLbLb,49,190,4,SL13CLbLbLb,13-Mar,SL13C,NA,215,1.08,W57,36.654
751,SL13C,28-Mar,third,10:40,M,PiPiLb,29,120,6,SL13CPiPiLb,30-May,IR11,105,81,3.3,G78,52.171
752,SL13C,28-Mar,third,10:50,M,LbLbPi,62,248,7,SL13CLbLbPi,8-Mar,SL13C,NA,201,3.17,W38,51.466
753,SL13C,28-Mar,third,10:53,M,DbLbDb,58,323,2,SL13CDbLbDb,29-May,IR11,185,69,2.8,G73,51.754
754,SL13C,28-Mar,third,13:15,M,PiPiDb,22,50,7,SL13CPiPiDb,8-Mar,SL13C,NA,203,1.79,W40,43.326
755,SL13C,28-Mar,third,13:19,F,LbYLb,32,27,16,SL13CLbYLb,28-May,SL12,129,56,1.8,G69,42.368
756,SL13C,28-Mar,third,13:20,F,DbDbPi,40,8,8,SL13CDbDbPi,9-Mar,SL13C,NA,207,1.31,W43,39.283
757,SL13C,28-Mar,third,13:22,F,PiPiPi,29,150,5,SL13CPiPiPi,17-Jun,SL12,262,199,1.76,W50,44.096
758,SL13C,28-Mar,third,13:41,M,PiDbPi,51,303,7,SL13CPiDbPi,9-Mar,SL13C,NA,206,2.19,W42,48.052
759,SL1B,28-Mar,third,15:15,F,PiPiPi,19,349,3,SL1BPiPiPi,29-May,IR11,0,77,2,G90,44.297
760,SL1B,28-Mar,third,15:22,M,DbDbLb,58,170,11,SL1BDbDbLb,24-May,SL3,172,41,3.4,G53,55.065
761,SL1B,28-Mar,third,15:31,M,PiPiY,49,400,2,SL1BPiPiY,30-May,IR11,0,83,2,G92,43.826
762,SL1B,28-Mar,third,15:34,M,PRP,46,262,2,SL1BPRP,24-May,SL3,150,34,2.8,G36,51.015
763,SL1B,28-Mar,third,15:40,F,PiPPi,44,248,2,SL1BPiPPi,13-Mar,SL1B,NA,304,1.17,W56,38.572
764,SL13C,29-Mar,third,11:18,M,DbLbDb,72,413,4,SL13CDbLbDb,29-May,IR11,185,69,2.8,G73,51.754
765,SL13C,29-Mar,third,11:20,F,PiPiPi,42,92,5,SL13CPiPiPi,17-Jun,SL12,262,199,1.76,W50,44.096
766,SL13C,29-Mar,third,11:31,F,LbYLb,32,0,NA,SL13CLbYLb,28-May,SL12,129,56,1.8,G69,42.368
767,SL13C,29-Mar,third,11:32,M,PPDg,32,39,4,SL13CPPDg,10-Mar,SL13C,NA,210,1.73,W49,42.964
768,SL13C,29-Mar,third,11:34,M,PDbP,21,143,2,SL13CPDbP,2-Jun,SL12,391,104,3.3,H06,52.617
769,SL13C,29-Mar,third,11:52,F,RDbR,19,162,2,SL13CRDbR,2-Jun,SL12,107,101,2,H07,42.924
770,SL1B,29-Mar,third,15:08,M,PiPiY,52,372,1,SL1BPiPiY,30-May,IR11,0,83,2,G92,43.826
771,SL1B,29-Mar,third,15:18,M,PRP,46,281,2,SL1BPRP,24-May,SL3,150,34,2.8,G36,51.015
772,SL1B,29-Mar,third,15:25,F,LbLbLb,24,271,2,SL1BLbLbLb,30-May,IR11,0,80,2.2,G80,45.674
773,SL1B,29-Mar,third,15:30,F,LbLbPi,40,322,2,SL1BLbLbPi,9-Mar,SL1B,NA,302,1.37,W48,42.473
774,SL13C,29-Mar,third,16:25,F,PiPiPi,10,184,2,SL13CPiPiPi,17-Jun,SL12,262,199,1.76,W50,44.096
775,SL13C,29-Mar,third,16:35,M,DbYDb,57,88,1,SL13CDbYDb,29-May,IR11,83,59,2.5,G72,51.235
776,SL13C,29-Mar,third,16:48,F,LbYLb,32,100,4,SL13CLbYLb,28-May,SL12,129,56,1.8,G69,42.368
777,SL13C,29-Mar,third,16:50,F,DbLgDb,49,67,2,SL13CDbLgDb,11-Mar,SL13C,NA,212,1.38,W52,39.759
778,SL13C,30-Mar,third,8:53,F,LbYLb,32,0,NA,SL13CLbYLb,28-May,SL12,129,56,1.8,G69,42.368
779,SL13C,30-Mar,third,8:55,M,PPDg,31,14,1,SL13CPPDg,10-Mar,SL13C,NA,210,1.73,W49,42.964
780,SL13C,30-Mar,third,9:05,M,PDbP,51,182,8,SL13CPDbP,2-Jun,SL12,391,104,3.3,H06,52.617
781,SL13C,30-Mar,third,9:07,M,DbYDb,50,39,10,SL13CDbYDb,29-May,IR11,83,59,2.5,G72,51.235
782,SL13C,30-Mar,third,9:09,F,PiPiPi,30,163,5,SL13CPiPiPi,17-Jun,SL12,262,199,1.76,W50,44.096
783,SL1B,30-Mar,third,11:37,F,LbLbPi,24,305,2,SL1BLbLbPi,9-Mar,SL1B,NA,302,1.37,W48,42.473
784,SL1B,30-Mar,third,11:40,M,DbDbLb,58,207,8,SL1BDbDbLb,24-May,SL3,172,41,3.4,G53,55.065
785,SL1B,30-Mar,third,11:53,F,PiPPi,41,184,1,SL1BPiPPi,13-Mar,SL1B,NA,304,1.17,W56,38.572
786,SL13C,30-Mar,third,12:54,M,PiDbPi,51,15,11,SL13CPiDbPi,9-Mar,SL13C,NA,206,2.19,W42,48.052
787,SL13C,30-Mar,third,12:57,F,LbYLb,32,64,1,SL13CLbYLb,28-May,SL12,129,56,1.8,G69,42.368
788,SL13C,30-Mar,third,12:58,M,PPDg,32,30,1,SL13CPPDg,10-Mar,SL13C,NA,210,1.73,W49,42.964
789,SL13C,30-Mar,third,13:08,F,PPP,30,210,3,SL13CPPP,28-Mar,SL13C,NA,220,1.2,W64,38.415
790,SL13C,30-Mar,third,13:09,M,PiPPi,56,280,2,SL13CPiPPi,8-Mar,SL13C,NA,202,2.77,W39,51.189
791,SL13C,30-Mar,third,13:15,F,PiPiPi,28,186,4,SL13CPiPiPi,17-Jun,SL12,262,199,1.76,W50,44.096
792,SL1B,31-Mar,third,8:39,F,PiPiPi,24,264,10,SL1BPiPiPi,29-May,IR11,0,77,2,G90,44.297
793,SL1B,31-Mar,third,8:40,F,LbLbLb,24,140,2,SL1BLbLbLb,30-May,IR11,0,80,2.2,G80,45.674
794,SL1B,31-Mar,third,8:44,F,LbLbPi,24,235,1,SL1BLbLbPi,9-Mar,SL1B,NA,302,1.37,W48,42.473
795,SL1B,31-Mar,third,9:03,F,YRY,39,196,2,SL1BYRY,26-Mar,SL1B,NA,306,1.14,W63,36.85
796,SL1B,31-Mar,third,9:04,M,PRP,39,180,3,SL1BPRP,24-May,SL3,150,34,2.8,G36,51.015
797,SL1B,31-Mar,third,9:17,M,DbDbLb,61,302,7,SL1BDbDbLb,24-May,SL3,172,41,3.4,G53,55.065
798,SL13C,31-Mar,third,11:00,F,YYPi,45,123,2,SL13CYYPi,31-May,SL3,81,95,1.6,H01,41.876
799,SL13C,31-Mar,third,11:10,M,PPDg,31,36,1,SL13CPPDg,10-Mar,SL13C,NA,210,1.73,W49,42.964
800,SL13C,31-Mar,third,11:14,F,LbYLb,32,10,1,SL13CLbYLb,28-May,SL12,129,56,1.8,G69,42.368
801,SL13C,31-Mar,third,11:24,M,PiPPi,50,0,NA,SL13CPiPPi,8-Mar,SL13C,NA,202,2.77,W39,51.189
802,SL13C,31-Mar,third,11:35,M,DbLbDb,74,250,2,SL13CDbLbDb,29-May,IR11,185,69,2.8,G73,51.754
803,SL1B,31-Mar,third,12:12,F,LbLbLb,24,269,2,SL1BLbLbLb,30-May,IR11,0,80,2.2,G80,45.674
804,SL1B,31-Mar,third,12:15,F,PiPPi,44,253,1,SL1BPiPPi,13-Mar,SL1B,NA,304,1.17,W56,38.572
805,SL1B,31-Mar,third,12:23,M,PPPi,25,109,2,SL1BPPPi,9-Mar,SL1B,NA,301,2.47,W47,47.997
806,SL13C,31-Mar,third,15:11,F,PiPiPi,29,22,5,SL13CPiPiPi,17-Jun,SL12,262,199,1.76,W50,44.096
807,SL13C,31-Mar,third,15:21,F,LbYLb,32,76,3,SL13CLbYLb,28-May,SL12,129,56,1.8,G69,42.368
808,SL13C,31-Mar,third,15:25,M,PDbP,31,203,8,SL13CPDbP,2-Jun,SL12,391,104,3.3,H06,52.617
809,SL13C,31-Mar,third,15:31,F,PiPiPi,56,209,4,SL13CPiPiPi,17-Jun,SL12,262,199,1.76,W50,44.096
810,SL13C,31-Mar,third,15:32,M,DbYDb,50,280,1,SL13CDbYDb,29-May,IR11,83,59,2.5,G72,51.235
811,SL13C,31-Mar,third,15:32,M,PiDbPi,51,342,2,SL13CPiDbPi,9-Mar,SL13C,NA,206,2.19,W42,48.052
812,SL13C,31-Mar,third,15:35,M,PiPPi,57,34,1,SL13CPiPPi,8-Mar,SL13C,NA,202,2.77,W39,51.189
813,SL13C,31-Mar,third,15:41,F,RDbR,55,289,8,SL13CRDbR,2-Jun,SL12,107,101,2,H07,42.924
814,SL13C,31-Mar,third,15:47,F,DbDbPi,50,237,5,SL13CDbDbPi,9-Mar,SL13C,NA,207,1.31,W43,39.283
815,SL13C,31-Mar,third,15:49,M,DbLbDb,57,302,4,SL13CDbLbDb,29-May,IR11,185,69,2.8,G73,51.754
816,SL13C,31-Mar,third,15:52,M,PiLbPi,62,266,5,SL13CPiLbPi,16-Jun,SL3,202,NA,2.7,I10,NA
817,SL13C,31-Mar,third,15:52,M,PiPiP,58,240,5,SL13CPiPiP,9-Mar,SL13C,NA,208,2.71,W44,51.359
818,SL13C,31-Mar,third,15:59,M,LbLbPi,48,11,2,SL13CLbLbPi,8-Mar,SL13C,NA,201,3.17,W38,51.466
819,SL13C,1-Apr,third,9:27,F,WWW,11,110,3,SL13CWWW,8-Mar,SL13C,NA,204,0.9,NA,34.226
820,SL13C,1-Apr,third,9:28,M,DbYDb,49,14,1,SL13CDbYDb,29-May,IR11,83,59,2.5,G72,51.235
821,SL13C,1-Apr,third,9:28,F,DbDbPi,50,12,5,SL13CDbDbPi,9-Mar,SL13C,NA,207,1.31,W43,39.283
822,SL13C,1-Apr,third,9:29,M,PiPiP,48,30,1,SL13CPiPiP,9-Mar,SL13C,NA,208,2.71,W44,51.359
823,SL13C,1-Apr,third,9:43,F,LbLbLb,58,170,9,SL13CLbLbLb,13-Mar,SL13C,NA,215,1.08,W57,36.654
824,SL13C,1-Apr,third,9:49,M,PDbP,22,77,5,SL13CPDbP,2-Jun,SL12,391,104,3.3,H06,52.617
825,SL13C,1-Apr,third,12:56,F,LbYLb,32,9,6,SL13CLbYLb,28-May,SL12,129,56,1.8,G69,42.368
826,SL13C,1-Apr,third,12:57,M,PPDg,31,29,1,SL13CPPDg,10-Mar,SL13C,NA,210,1.73,W49,42.964
827,SL13C,1-Apr,third,12:59,M,LbLbPi,58,127,13,SL13CLbLbPi,8-Mar,SL13C,NA,201,3.17,W38,51.466
828,SL13C,1-Apr,third,13:03,M,PiPPi,57,292,2,SL13CPiPPi,8-Mar,SL13C,NA,202,2.77,W39,51.189
829,SL13C,1-Apr,third,13:09,F,LbLbLb,49,145,3,SL13CLbLbLb,13-Mar,SL13C,NA,215,1.08,W57,36.654
